id,name,product_tmpl_id,product_uom,bom_line_ids/product_id,product_qty,yield,type,routing_id,bom_line_ids/product_uom,bom_line_ids/product_qty,bom_line_ids/component_type
bom_bionigell,Bio nigell,Bio nigell,Kp Lu,BGE002,200000,,Normal,Soft Capsule,kg,43,raw_material
,,,,BGE004,,,,,kg,43,raw_material
,,,,BGL002,,,,,kg,34,raw_material
,,,,BMP001,,,,,kg,0.128,raw_material
,,,,BPP001,,,,,kg,0.054,raw_material
bom_buahmerahrediss,Buah Merah Rediss,Buah Merah Rediss,Kp Lu,BGE002,200000,,Normal,Soft Capsule,kg,43,raw_material
,,,,BGE004,,,,,kg,43,raw_material
,,,,BGL002,,,,,kg,34,raw_material
,,,,BMP001,,,,,kg,0.128,raw_material
,,,,BMP001,,,,,kg,0.128,raw_material
,,,,BPP001,,,,,kg,0.054,raw_material
bom_buahmerahw600,Buah Merah W 600,Buah Merah W 600,Kp Lu,BGE002,100000,,Normal,Soft Capsule,kg,21.5,raw_material
,,,,BGE004,,,,,kg,21.5,raw_material
,,,,BGL002,,,,,kg,17,raw_material
,,,,BMP001,,,,,kg,0.064,raw_material
,,,,BPP001,,,,,kg,0.027,raw_material
bom_biocelle,Biocelle,Biocelle,Kp Lu,BGE002,200000,98.61,Normal,Soft Capsule,kg,33.786,raw_material
,,,,BGE004,,,,,kg,33.786,raw_material
,,,,BGL002,,,,,kg,26.714,raw_material
,,,,BMP001,,,,,kg,0.101,raw_material
,,,,BMP001,,,,,kg,0.101,raw_material
,,,,BPP001,,,,,kg,0.042,raw_material
bom_carniten,Carniten,Carniten,Kp Lu,BGE002,200000,,Normal,Soft Capsule,kg,43,raw_material
,,,,BGE004,,,,,kg,43,raw_material
,,,,BGL002,,,,,kg,34,raw_material
,,,,BMP001,,,,,kg,0.128,raw_material
,,,,BPP001,,,,,kg,0.054,raw_material
,,,,BEC002,,,,,kg,0.3,raw_material
,,,,BET002,,,,,g,240,raw_material
,,,,BTD001,,,,,kg,0.4,raw_material
bom_dbshabbazzaitun,DBS Habbazzaitun,DBS Habbazzaitun,Kp Lu,BGE002,220000,,Normal,Soft Capsule,kg,43,raw_material
,,,,BGE004,,,,,kg,43,raw_material
,,,,BGL002,,,,,kg,34,raw_material
,,,,BMP001,,,,,kg,0.129,raw_material
,,,,BPP001,,,,,kg,0.054,raw_material
,,,,BPL001,,,,,kg,0.008,raw_material
bom_fishoil1000mg,Fish Oil 1000 mg,Fish Oil 1000 mg,Kp Lu,BGE002,200000,,Normal,Soft Capsule,kg,43,raw_material
,,,,BGE004,,,,,kg,43,raw_material
,,,,BGL002,,,,,kg,34,raw_material
,,,,BMP001,,,,,kg,0.129,raw_material
,,,,BPP001,,,,,kg,0.054,raw_material
bom_oliveoil600mg,Olive Oil 600 mg,Olive Oil 600 mg,Kp Lu,BGE002,220000,,Normal,Soft Capsule,kg,43,raw_material
,,,,BGE004,,,,,kg,43,raw_material
,,,,BGL002,,,,,kg,34,raw_material
,,,,BMP001,,,,,kg,0.129,raw_material
,,,,BPP001,,,,,kg,0.054,raw_material
,,,,BTD001,,,,,kg,0.4,raw_material
bom_habbatussauda600mg,Habbatussauda 600 mg,Habbatussauda 600 mg,Kp Lu,BGE002,220000,,Normal,Soft Capsule,kg,43,raw_material
,,,,BGE004,,,,,kg,43,raw_material
,,,,BGL002,,,,,kg,34,raw_material
,,,,BMP001,,,,,kg,0.129,raw_material
,,,,BPP001,,,,,kg,0.054,raw_material
bom_inspiravitamine400iu,Inspira Vitamin E 400 IU,Inspira Vitamin E 400 IU,Kp Lu,BGE002,320000,,Normal,Soft Capsule,kg,43,raw_material
,,,,BGE004,,,,,kg,43,raw_material
,,,,BGL002,,,,,kg,34,raw_material
,,,,BMP001,,,,,kg,0.129,raw_material
,,,,BPP001,,,,,kg,0.054,raw_material
bom_isotretinoin10mg,Isotretinoin 10 mg,Isotretinoin 10 mg,Kp Lu,BGE002,200000,,Normal,Soft Capsule,kg,38.37,raw_material
,,,,BGE004,,,,,kg,38.37,raw_material
,,,,BGL002,,,,,kg,34,raw_material
,,,,BMP001,,,,,kg,0.115,raw_material
,,,,BPP001,,,,,kg,0.048,raw_material
,,,,BEC002,,,,,kg,0.268,raw_material
,,,,BET002,,,,,g,214.15,raw_material
,,,,BTD001,,,,,kg,0.357,raw_material
bom_lamata,Lamata,Lamata,Kp Lu,BGL002,100000,,Normal,Soft Capsule,kg,17,raw_material
,,,,BMP001,,,,,kg,0.064,raw_material
,,,,BPP001,,,,,kg,0.027,raw_material
,,,,ABE001,,,,,kg,6,raw_material
,,,,AVE002,,,,,kg,5,raw_material
,,,,ABC001,,,,,kg,0.3,raw_material
,,,,APH007,,,,,kg,0.7,raw_material
,,,,ALG001,,,,,kg,0.8,raw_material
,,,,ALH002,,,,,kg,0.8,raw_material
,,,,ATA001,,,,,kg,0.8,raw_material
,,,,BSO001,,,,,kg,35.6,raw_material
,,,,BGE002,,,,,kg,21.5,raw_material
,,,,BGE004,,,,,kg,21.5,raw_material
,,,,CBO012,,,,,Pcs,3333,kemas_primer
,,,,CTB017,,,,,Pcs,3333,kemas_primer
,,,,CSG001,,,,,kg,3,kemas_primer
,,,,LBK001,,,,,Pcs,3333,kemas_primer
,,,,CET073,,,,,Pcs,3390,kemas_sekunder
,,,,CIN080,,,,,Pcs,3334,kemas_sekunder
,,,,CSH020,,,,,Pcs,19,kemas_sekunder
,,,,LBK010,,,,,Pcs,68,kemas_sekunder
,,,,CPB001,,,,,Roll,1,kemas_sekunder
bom_mamavita400mgsoftcapsule,Mamavita 400 mg Soft Capsule,Mamavita 400 mg Soft Capsule,Kp Lu,BGE002,220000,100.6,Normal,Soft Capsule,kg,43,raw_material
,,,,BGE004,,,,,kg,43,raw_material
,,,,BGL002,,,,,kg,34,raw_material
,,,,BMP001,,,,,kg,0.129,raw_material
,,,,BPP001,,,,,kg,0.054,raw_material
,,,,BTD001,,,,,kg,0.4,raw_material
bom_naturanigelas700,Natura Nigela S 700,Natura Nigela S 700,Kp Lu,BGE002,220000,98.97,Normal,Soft Capsule,kg,43,raw_material
,,,,BGE004,,,,,kg,43,raw_material
,,,,BGL002,,,,,kg,34,raw_material
,,,,BMP001,,,,,kg,0.129,raw_material
,,,,BPP001,,,,,kg,0.054,raw_material
bom_naturaomegas650,Natura Omega S 650,Natura Omega S 650,Kp Lu,BGE002,220000,99.62,Normal,Soft Capsule,kg,43,raw_material
,,,,BGE004,,,,,kg,43,raw_material
,,,,BGL002,,,,,kg,34,raw_material
,,,,BMP001,,,,,kg,0.129,raw_material
,,,,BPP001,,,,,kg,0.054,raw_material
bom_purefishoil,Pure Fish Oil,Pure Fish Oil,Kp Lu,BGE002,220000,,Normal,Soft Capsule,kg,43,raw_material
,,,,BGE004,,,,,kg,43,raw_material
,,,,BGL002,,,,,kg,34,raw_material
,,,,BMP001,,,,,kg,0.129,raw_material
,,,,BPP001,,,,,kg,0.054,raw_material
bom_vitamina100.000iu,Vitamin A 100.000 IU,Vitamin A 100.000 IU,Kp Lu,BGE002,310000,,Normal,Soft Capsule,kg,43,raw_material
,,,,BGE004,,,,,kg,43,raw_material
,,,,BGL002,,,,,kg,34,raw_material
,,,,BPW001,,,,,Liter(s),76,raw_material
,,,,BMP001,,,,,kg,0.129,raw_material
,,,,BPP001,,,,,kg,0.54,raw_material
,,,,BEP001,,,,,kg,0.3,raw_material
,,,,BTD001,,,,,kg,0.1,raw_material
,,,,AVA001,,,,,kg,19.51,raw_material
,,,,BSO003,,,,,kg,65.74,raw_material
,,,,CBO029,,,,,Pcs,6200,kemas_primer
,,,,CTB012,,,,,Pcs,6200,kemas_primer
,,,,CSG001,,,,,kg,6,kemas_primer
,,,,LBK001,,,,,Pcs,6200,kemas_primer
,,,,CET108,,,,,Pcs,6201,kemas_sekunder
,,,,CBR098,,,,,Pcs,6201,kemas_sekunder
,,,,LBK016,,,,,Pcs,62,kemas_sekunder
,,,,CSH020,,,,,Pcs,21,kemas_sekunder
,,,,LBK010,,,,,Pcs,63,kemas_sekunder
,,,,CCT001,,,,,Roll,3,kemas_sekunder
,,,,CPB001,,,,,Roll,1,kemas_sekunder
bom_vitamina200.000iu,Vitamin A 200.000 IU,Vitamin A 200.000 IU,Kp Lu,BGE002,320000,99.44,Normal,Soft Capsule,kg,43,raw_material
,,,,BGE004,,,,,kg,43,raw_material
,,,,BGL002,,,,,kg,34,raw_material
,,,,BPW001,,,,,Liter(s),76,raw_material
,,,,BMP001,,,,,kg,0.129,raw_material
,,,,BPP001,,,,,kg,0.54,raw_material
,,,,BET002,,,,,g,240,raw_material
,,,,BEC002,,,,,kg,0.3,raw_material
,,,,BTD001,,,,,kg,0.4,raw_material
,,,,AVA001,,,,,kg,40.282,raw_material
,,,,BSO003,,,,,kg,79.718,raw_material
,,,,BSO003,,,,,kg,79.718,raw_material
,,,,CBO029,,,,,Pcs,6400,kemas_primer
,,,,CTB014,,,,,Pcs,6400,kemas_primer
,,,,CSG001,,,,,kg,6,kemas_primer
,,,,LBK001,,,,,Pcs,6400,kemas_primer
,,,,CET109,,,,,Pcs,6401,kemas_sekunder
,,,,CBR098,,,,,Pcs,6401,kemas_sekunder
,,,,LBK016,,,,,Pcs,64,kemas_sekunder
,,,,CSH020,,,,,Pcs,21,kemas_sekunder
,,,,LBK010,,,,,Pcs,65,kemas_sekunder
,,,,CCT001,,,,,Roll,3,kemas_sekunder
,,,,CPB001,,,,,Roll,1,kemas_sekunder
bom_antasidadoen60ml,Antasida Doen 60 ml,Antasida Doen 60 ml,Botol,AAH001,3225,99.31,Normal,Syrup Dengan Dus,kg,10.46,raw_material
,,,,AMH001,,,,,kg,8,raw_material
,,,,BXG001,,,,,kg,0.7,raw_material
,,,,BCS001,,,,,kg,0.65,raw_material
,,,,BCA001,,,,,kg,2.012,raw_material
,,,,BMP001,,,,,kg,0.175,raw_material
,,,,BPP001,,,,,kg,0.105,raw_material
,,,,BSC005,,,,,kg,0.25,raw_material
,,,,BSU002,,,,,kg,3,raw_material
,,,,BGL002,,,,,kg,25.238,raw_material
,,,,BPG001,,,,,kg,5.174,raw_material
,,,,BSO002,,,,,kg,39.144,raw_material
,,,,BPO003,,,,,kg,0.135,raw_material
,,,,BPW001,,,,,Liter(s),200,raw_material
,,,,CBO009,,,,,Pcs,3300,kemas_primer
,,,,CDO004,,,,,Pcs,3300,kemas_primer
,,,,CET012,,,,,Pcs,3226,kemas_sekunder
,,,,CBR007,,,,,Pcs,3226,kemas_sekunder
,,,,CRA007,,,,,Set,65,kemas_sekunder
,,,,CSH017,,,,,Pcs,22,kemas_sekunder
,,,,LBK010,,,,,Pcs,66,kemas_sekunder
,,,,CCT001,,,,,Roll,2,kemas_sekunder
,,,,CPB001,,,,,Roll,1,kemas_sekunder
bom_bab100ml,BAB 100 ml,BAB 100 ml,Botol,AVA001,1980,97.88,Normal,Syrup Dengan Dus,kg,0.063,raw_material
,,,,ATH003,,,,,kg,0.04,raw_material
,,,,ARP001,,,,,g,55,raw_material
,,,,APH006,,,,,kg,0.08,raw_material
,,,,ACY001,,,,,g,0.12,raw_material
,,,,ANI001,,,,,g,600,raw_material
,,,,ACP001,,,,,kg,0.2,raw_material
,,,,ALH002,,,,,kg,8,raw_material
,,,,AVE001,,,,,kg,0.2,raw_material
,,,,BMP001,,,,,kg,0.2,raw_material
,,,,BPP001,,,,,kg,0.04,raw_material
,,,,BSU002,,,,,kg,50,raw_material
,,,,BSS001,,,,,kg,0.12,raw_material
,,,,BCA001,,,,,kg,0.72,raw_material
,,,,BSC003,,,,,kg,1.2,raw_material
,,,,BGL002,,,,,kg,18.929,raw_material
,,,,BPH003,,,,,kg,0.352,raw_material
,,,,BXG001,,,,,kg,0.4,raw_material
,,,,BPG001,,,,,kg,6.209,raw_material
,,,,BSO002,,,,,kg,26.096,raw_material
,,,,BEO001,,,,,kg,0.421,raw_material
,,,,BPW001,,,,,Liter(s),200,raw_material
,,,,CBO002,,,,,Pcs,2000,kemas_primer
,,,,CDO004,,,,,Pcs,2000,kemas_primer
,,,,CSP001,,,,,Pcs,1980,kemas_primer
,,,,CET016,,,,,Pcs,1982,kemas_sekunder
,,,,CIN012,,,,,Pcs,1981,kemas_sekunder
,,,,CBR008,,,,,Pcs,1981,kemas_sekunder
,,,,CSH026,,,,,Pcs,13,kemas_sekunder
,,,,CPB001,,,,,Roll,1,kemas_sekunder
bom_calcivita200ml,Calcivita 200 ml,Calcivita 200 ml,Botol,ACG001,990,95.95,Normal,Syrup Dengan Dus,kg,1.28,raw_material
,,,,ACL001,,,,,kg,0.32,raw_material
,,,,AVA001,,,,,kg,0.031,raw_material
,,,,AVD001,,,,,g,4,raw_material
,,,,ATH003,,,,,kg,0.046,raw_material
,,,,ARP001,,,,,g,61.9,raw_material
,,,,APH007,,,,,kg,0.021,raw_material
,,,,ANI001,,,,,g,200,raw_material
,,,,ADE001,,,,,kg,0.091,raw_material
,,,,AAA002,,,,,kg,2.24,raw_material
,,,,AVE001,,,,,kg,0.04,raw_material
,,,,BXG001,,,,,kg,0.6,raw_material
,,,,BSU002,,,,,kg,48,raw_material
,,,,BCA001,,,,,kg,0.5,raw_material
,,,,BSO002,,,,,kg,32.62,raw_material
,,,,BGL002,,,,,kg,18.93,raw_material
,,,,BPG001,,,,,kg,5.174,raw_material
,,,,BDE001,,,,,g,400,raw_material
,,,,BSS001,,,,,kg,0.067,raw_material
,,,,BPH003,,,,,kg,0.32,raw_material
,,,,BSC002,,,,,kg,0.6,raw_material
,,,,BET001,,,,,Liter(s),0.95,raw_material
,,,,BPW001,,,,,Liter(s),200,raw_material
,,,,BDE002,,,,,g,30,raw_material
,,,,CBO007,,,,,Pcs,1000,kemas_primer
,,,,CDO004,,,,,Pcs,1000,kemas_primer
,,,,CPC001,,,,,Pcs,991,kemas_primer
,,,,CET018,,,,,Pcs,991,kemas_sekunder
,,,,CBR010,,,,,Pcs,991,kemas_sekunder
,,,,CIN001,,,,,Pcs,991,kemas_sekunder
,,,,LBK025,,,,,Set,28,kemas_sekunder
,,,,LBK022,,,,,Pcs,56,kemas_sekunder
,,,,CPB001,,,,,Roll,2,kemas_sekunder
bom_camaag100ml,Camaag 100 ml,Camaag 100 ml,Botol,AAH001,1960,98.48,Normal,Syrup Dengan Dus,kg,26,raw_material
,,,,AMH001,,,,,kg,14,raw_material
,,,,ADI001,,,,,kg,4,raw_material
,,,,BCS001,,,,,kg,0.16,raw_material
,,,,BXG001,,,,,kg,0.5,raw_material
,,,,BCA001,,,,,kg,2.012,raw_material
,,,,BMP001,,,,,kg,0.175,raw_material
,,,,BPP001,,,,,kg,0.105,raw_material
,,,,BSC005,,,,,kg,0.25,raw_material
,,,,BSU002,,,,,kg,3,raw_material
,,,,BPO003,,,,,kg,0.135,raw_material
,,,,BGL002,,,,,kg,25.238,raw_material
,,,,BPG001,,,,,kg,5.174,raw_material
,,,,BSO002,,,,,kg,39.144,raw_material
,,,,BPW001,,,,,Liter(s),200,raw_material
,,,,CBO005,,,,,Pcs,2000,kemas_primer
,,,,CDO004,,,,,Pcs,2000,kemas_primer
,,,,CET019,,,,,Pcs,1961,kemas_sekunder
,,,,CIN014,,,,,Pcs,1961,kemas_sekunder
,,,,CBR011,,,,,Pcs,1961,kemas_sekunder
,,,,CSH026,,,,,Pcs,13,kemas_sekunder
,,,,LBK010,,,,,Pcs,40,kemas_sekunder
,,,,CPB001,,,,,Roll,1,kemas_sekunder
bom_camaag200ml,Camaag 200 ml,Camaag 200 ml,Botol,AAH001,980,99.03,Normal,Syrup Dengan Dus,kg,10.46,raw_material
,,,,AMH001,,,,,kg,8,raw_material
,,,,ADI001,,,,,kg,1.2,raw_material
,,,,BXG001,,,,,kg,0.8,raw_material
,,,,BCS001,,,,,kg,0.65,raw_material
,,,,BCA001,,,,,kg,2.012,raw_material
,,,,BMP001,,,,,kg,0.175,raw_material
,,,,BPP001,,,,,kg,0.105,raw_material
,,,,BSC005,,,,,kg,0.25,raw_material
,,,,BSU002,,,,,kg,3,raw_material
,,,,BGL002,,,,,kg,25.238,raw_material
,,,,BPG001,,,,,kg,5.174,raw_material
,,,,BSO002,,,,,kg,39.144,raw_material
,,,,BPW001,,,,,Liter(s),200,raw_material
,,,,CBO007,,,,,Pcs,1000,kemas_primer
,,,,CDO004,,,,,Pcs,1000,kemas_primer
,,,,CET020,,,,,Pcs,981,kemas_sekunder
,,,,CIN015,,,,,Pcs,981,kemas_sekunder
,,,,CBR012,,,,,Pcs,981,kemas_sekunder
,,,,CSH021,,,,,Pcs,14,kemas_sekunder
,,,,CPS002,,,,,kg,0.1,kemas_sekunder
,,,,LBK023,,,,,Pcs,27,kemas_sekunder
,,,,CPB001,,,,,Roll,1,kemas_sekunder
bom_came60ml,Came 60 ml,Came 60 ml,Botol,APH005,3292,,Normal,Syrup Dengan Dus,kg,0.21,raw_material
,,,,BMP001,,,,,kg,0.175,raw_material
,,,,BPP001,,,,,kg,0.025,raw_material
,,,,BSC003,,,,,kg,1,raw_material
,,,,BCA001,,,,,kg,1.5,raw_material
,,,,BXG001,,,,,kg,0.2,raw_material
,,,,BSC005,,,,,kg,0.9,raw_material
,,,,BSS001,,,,,kg,0.09,raw_material
,,,,BPK001,,,,,kg,1,raw_material
,,,,BSU002,,,,,kg,5,raw_material
,,,,BET002,,,,,g,25,raw_material
,,,,BAL001,,,,,Liter(s),0.5,raw_material
,,,,BGL002,,,,,kg,6.31,raw_material
,,,,BPO003,,,,,kg,0.135,raw_material
,,,,BPW001,,,,,Liter(s),200,raw_material
,,,,CBO009,,,,,Pcs,3300,kemas_primer
,,,,CDO004,,,,,Pcs,3300,kemas_primer
,,,,CET021,,,,,Pcs,3358,kemas_sekunder
,,,,CIN017,,,,,Pcs,3292,kemas_sekunder
,,,,CBR014,,,,,Pcs,3292,kemas_sekunder
,,,,CSH017,,,,,Pcs,22,kemas_sekunder
,,,,LBK010,,,,,Pcs,66,kemas_sekunder
,,,,CPB001,,,,,Roll,0.4,kemas_sekunder
bom_camexine60ml,Camexine 60 ml,Camexine 60 ml,Botol,ABH001,3278,,Normal,Syrup Dengan Dus,kg,0.17,raw_material
,,,,BMP001,,,,,kg,0.2,raw_material
,,,,BPP001,,,,,kg,0.06,raw_material
,,,,BPK001,,,,,kg,2,raw_material
,,,,BSU002,,,,,kg,50,raw_material
,,,,BAL001,,,,,Liter(s),10.7,raw_material
,,,,BSO002,,,,,kg,26.096,raw_material
,,,,BGL002,,,,,kg,50.476,raw_material
,,,,BPG001,,,,,kg,5.277,raw_material
,,,,BAG001,,,,,g,1.25,raw_material
,,,,BEJ001,,,,,kg,0.492,raw_material
,,,,BPO003,,,,,kg,0.045,raw_material
,,,,BPW001,,,,,Liter(s),200,raw_material
,,,,CBO009,,,,,Pcs,3300,kemas_primer
,,,,CDO004,,,,,Pcs,3300,kemas_primer
,,,,CET022,,,,,Pcs,3279,kemas_sekunder
,,,,CIN018,,,,,Pcs,3279,kemas_sekunder
,,,,CBR015,,,,,Pcs,3279,kemas_sekunder
,,,,CSH017,,,,,Pcs,22,kemas_sekunder
,,,,LBK010,,,,,Pcs,67,kemas_sekunder
,,,,CPB001,,,,,Roll,1,kemas_sekunder
bom_camicetine60ml,Camicetine 60 ml,Camicetine 60 ml,Botol,ACP002,3225,99.38,Normal,Syrup Dengan Dus,kg,9,raw_material
,,,,BPO001,,,,,kg,1.716,raw_material
,,,,BCS001,,,,,kg,2.6,raw_material
,,,,BMP001,,,,,kg,0.36,raw_material
,,,,BPP001,,,,,kg,0.06,raw_material
,,,,BSS001,,,,,kg,0.05,raw_material
,,,,BSC005,,,,,kg,0.3,raw_material
,,,,BMA002,,,,,kg,0.2,raw_material
,,,,BSC002,,,,,kg,0.1,raw_material
,,,,BEV001,,,,,kg,0.174,raw_material
,,,,BPW001,,,,,Liter(s),200,raw_material
,,,,CBO009,,,,,Pcs,3300,kemas_primer
,,,,CDO004,,,,,Pcs,3300,kemas_primer
,,,,CET026,,,,,Pcs,3226,kemas_sekunder
,,,,CIN022,,,,,Pcs,3226,kemas_sekunder
,,,,CBR018,,,,,Pcs,3226,kemas_sekunder
,,,,CSH017,,,,,Pcs,22,kemas_sekunder
,,,,LBK010,,,,,Pcs,66,kemas_sekunder
,,,,CPB001,,,,,Roll,1,kemas_sekunder
bom_camicetine60mlexport,Camicetine 60 ml Export,Camicetine 60 ml Export,Botol,ACP002,3225,99.55,Normal,Syrup Dengan Dus,kg,9,raw_material
,,,,BMA002,,,,,kg,0.2,raw_material
,,,,BEV001,,,,,kg,0.174,raw_material
,,,,BSC005,,,,,kg,0.3,raw_material
,,,,BSC002,,,,,kg,0.1,raw_material
,,,,BSS001,,,,,kg,0.05,raw_material
,,,,BMP001,,,,,kg,0.36,raw_material
,,,,BPP001,,,,,kg,0.06,raw_material
,,,,BPO001,,,,,kg,1.716,raw_material
,,,,BCS001,,,,,kg,2.6,raw_material
,,,,CBO009,,,,,Pcs,3300,kemas_primer
,,,,CDO004,,,,,Pcs,3300,kemas_primer
,,,,CBR017,,,,,Pcs,3226,kemas_sekunder
,,,,CET025,,,,,Pcs,3226,kemas_sekunder
,,,,CIN021,,,,,Pcs,3226,kemas_sekunder
,,,,CSH017,,,,,Pcs,22,kemas_sekunder
bom_camidex100ml,Camidex 100 ml,Camidex 100 ml,Botol,ADH005,1980,,Normal,Syrup Dengan Dus,kg,0.42,raw_material
,,,,BSC003,,,,,kg,1,raw_material
,,,,BCA001,,,,,kg,0.389,raw_material
,,,,BCS001,,,,,kg,0.5,raw_material
,,,,BSU002,,,,,kg,2,raw_material
,,,,BMP001,,,,,kg,0.2,raw_material
,,,,BPP001,,,,,kg,0.04,raw_material
,,,,BSC005,,,,,kg,0.67,raw_material
,,,,BSS001,,,,,kg,0.067,raw_material
,,,,BET002,,,,,g,25,raw_material
,,,,BEK001,,,,,Liter(s),0.12,raw_material
,,,,BPO003,,,,,kg,0.09,raw_material
,,,,BAL001,,,,,Liter(s),10,raw_material
,,,,BGL002,,,,,kg,3.786,raw_material
,,,,BSO002,,,,,kg,6.31,raw_material
,,,,BPW001,,,,,Liter(s),200,raw_material
,,,,CBO004,,,,,Pcs,2000,kemas_primer
,,,,CDO004,,,,,Pcs,2000,kemas_primer
,,,,CET032,,,,,Pcs,1981,kemas_sekunder
,,,,CIN027,,,,,Pcs,1981,kemas_sekunder
,,,,CBR023,,,,,Pcs,1981,kemas_sekunder
,,,,CSH024,,,,,Pcs,13,kemas_sekunder
,,,,LBK010,,,,,Pcs,41,kemas_sekunder
,,,,CPB001,,,,,Roll,1,kemas_sekunder
,,,,CPB001,,,,,Roll,1,kemas_sekunder
bom_camidryl60ml,Camidryl 60 ml,Camidryl 60 ml,Botol,ADH001,3278,99.1,Normal,Syrup Dengan Dus,kg,0.53,raw_material
,,,,AAC002,,,,,kg,4,raw_material
,,,,AAC002,,,,,kg,4,raw_material
,,,,BSC002,,,,,kg,2,raw_material
,,,,BCA001,,,,,kg,1.234,raw_material
,,,,BSU002,,,,,kg,10,raw_material
,,,,BMP001,,,,,kg,0.175,raw_material
,,,,BPP001,,,,,kg,0.025,raw_material
,,,,BXG001,,,,,kg,0.1,raw_material
,,,,BSC005,,,,,kg,0.67,raw_material
,,,,BSS001,,,,,kg,0.067,raw_material
,,,,BAG001,,,,,g,12.5,raw_material
,,,,BAL001,,,,,Liter(s),0.5,raw_material
,,,,BEA001,,,,,kg,0.103,raw_material
,,,,BSO002,,,,,kg,26.096,raw_material
,,,,BPW001,,,,,Liter(s),200,raw_material
,,,,CBO009,,,,,Pcs,3300,kemas_primer
,,,,CDO004,,,,,Pcs,3300,kemas_primer
,,,,CET035,,,,,Pcs,3279,kemas_sekunder
,,,,CIN031,,,,,Pcs,3279,kemas_sekunder
,,,,CBR026,,,,,Pcs,3279,kemas_sekunder
,,,,CSH017,,,,,Pcs,22,kemas_sekunder
,,,,LBK010,,,,,Pcs,67,kemas_sekunder
,,,,CPB001,,,,,Roll,1,kemas_sekunder
bom_camikolin60ml,Camikolin 60 ml,Camikolin 60 ml,Botol,AKA001,3278,,Normal,Syrup Dengan Dus,kg,59.16,raw_material
,,,,APE001,,,,,kg,1.307,raw_material
,,,,BSS001,,,,,kg,0.064,raw_material
,,,,BMP001,,,,,kg,0.2,raw_material
,,,,BPP001,,,,,kg,0.02,raw_material
,,,,BCA001,,,,,kg,0.2,raw_material
,,,,BPK001,,,,,kg,1,raw_material
,,,,BCP001,,,,,kg,2,raw_material
,,,,BXG001,,,,,kg,0.4,raw_material
,,,,BGL002,,,,,kg,18.93,raw_material
,,,,BSO002,,,,,kg,26.096,raw_material
,,,,BPW001,,,,,Liter(s),200,raw_material
,,,,CBO002,,,,,Pcs,3300,kemas_primer
,,,,CDO004,,,,,Pcs,3300,kemas_primer
,,,,CET038,,,,,Pcs,3278,kemas_sekunder
,,,,CIN035,,,,,Pcs,3278,kemas_sekunder
,,,,CBR029,,,,,Pcs,3278,kemas_sekunder
,,,,CSH026,,,,,Pcs,22,kemas_sekunder
,,,,LBK010,,,,,Pcs,67,kemas_sekunder
,,,,CPB001,,,,,Roll,1.3,kemas_sekunder
bom_camivitasyrup60ml,Camivita Syrup 60 ml,Camivita Syrup 60 ml,Botol,AVA001,3278,97.48,Normal,Syrup Dengan Dus,kg,0.063,raw_material
,,,,ATH003,,,,,kg,0.12,raw_material
,,,,ARP001,,,,,g,0.055,raw_material
,,,,APH007,,,,,kg,0.08,raw_material
,,,,ACY001,,,,,g,0.12,raw_material
,,,,ANI001,,,,,g,0.6,raw_material
,,,,ACP001,,,,,kg,0.2,raw_material
,,,,BPH003,,,,,kg,0.2,raw_material
,,,,BXG001,,,,,kg,0.2,raw_material
,,,,BMP001,,,,,kg,0.2,raw_material
,,,,BSU002,,,,,kg,22.5,raw_material
,,,,BCA001,,,,,kg,0.914,raw_material
,,,,BPH004,,,,,g,10,raw_material
,,,,BET002,,,,,g,25,raw_material
,,,,BSO002,,,,,kg,65.24,raw_material
,,,,BGL002,,,,,kg,25.238,raw_material
,,,,BPG001,,,,,kg,5.174,raw_material
,,,,BEK001,,,,,Liter(s),0.36,raw_material
,,,,BPW001,,,,,Liter(s),200,raw_material
,,,,CBO009,,,,,Pcs,3300,kemas_primer
,,,,CDO004,,,,,Pcs,3300,kemas_primer
,,,,CET044,,,,,Pcs,3279,kemas_sekunder
,,,,CIN044,,,,,Pcs,3279,kemas_sekunder
,,,,CBR039,,,,,Pcs,3279,kemas_sekunder
,,,,CSH017,,,,,Pcs,22,kemas_sekunder
,,,,LBK010,,,,,Pcs,67,kemas_sekunder
,,,,CPB001,,,,,Roll,1,kemas_sekunder
bom_camivitasyrup120ml,Camivita Syrup 120 ml,Camivita Syrup 120 ml,Botol,AVA001,1639,,Normal,Syrup Dengan Dus,kg,0.063,raw_material
,,,,ATH003,,,,,kg,0.12,raw_material
,,,,ARP001,,,,,g,0.055,raw_material
,,,,APH007,,,,,kg,0.08,raw_material
,,,,ACY001,,,,,g,0.12,raw_material
,,,,ANI001,,,,,g,0.6,raw_material
,,,,ACP001,,,,,kg,0.2,raw_material
,,,,BPH003,,,,,kg,0.2,raw_material
,,,,BXG001,,,,,kg,0.2,raw_material
,,,,BMP001,,,,,kg,0.2,raw_material
,,,,BSU002,,,,,kg,22.5,raw_material
,,,,BCA001,,,,,kg,0.914,raw_material
,,,,BPH004,,,,,g,10,raw_material
,,,,BET002,,,,,g,25,raw_material
,,,,BSO002,,,,,kg,65.24,raw_material
,,,,BGL002,,,,,kg,25.238,raw_material
,,,,BPG001,,,,,kg,5.174,raw_material
,,,,BEK001,,,,,Liter(s),0.36,raw_material
,,,,BPW001,,,,,Liter(s),200,raw_material
,,,,CBO005,,,,,Pcs,1650,kemas_primer
,,,,CDO004,,,,,Pcs,1650,kemas_primer
,,,,CRD001,,,,,Pcs,1639,kemas_primer
,,,,CET045,,,,,Pcs,1640,kemas_sekunder
,,,,CIN043,,,,,Pcs,1640,kemas_sekunder
,,,,CBR039,,,,,Pcs,3279,kemas_sekunder
,,,,CSH023,,,,,Pcs,17,kemas_sekunder
,,,,LBK010,,,,,Pcs,33,kemas_sekunder
,,,,CPB001,,,,,Roll,1,kemas_sekunder
bom_casetamol60ml,Casetamol 60 ml,Casetamol 60 ml,Botol,AAC001,3606,,Normal,Syrup Dengan Dus,kg,5.3,raw_material
,,,,BMP001,,,,,kg,0.22,raw_material
,,,,BPP001,,,,,kg,0.066,raw_material
,,,,BPK001,,,,,kg,1,raw_material
,,,,BSC005,,,,,kg,0.9,raw_material
,,,,BSS001,,,,,kg,0.09,raw_material
,,,,BSU002,,,,,kg,5,raw_material
,,,,BRR001,,,,,g,5,raw_material
,,,,BAL001,,,,,Liter(s),10,raw_material
,,,,BGL002,,,,,kg,12.619,raw_material
,,,,BPG001,,,,,kg,20.696,raw_material
,,,,BPO003,,,,,kg,0.135,raw_material
,,,,BPW001,,,,,Liter(s),220,raw_material
,,,,CBO009,,,,,Pcs,3620,kemas_primer
,,,,CDO004,,,,,Pcs,3620,kemas_primer
,,,,CET050,,,,,Pcs,3607,kemas_sekunder
,,,,CIN050,,,,,Pcs,3607,kemas_sekunder
,,,,CBR046,,,,,Pcs,3607,kemas_sekunder
,,,,CSH017,,,,,Pcs,24,kemas_sekunder
,,,,LBK010,,,,,Pcs,74,kemas_sekunder
,,,,CPB001,,,,,Roll,2,kemas_sekunder
bom_chlorampenicol60ml,Chlorampenicol 60 ml,Chlorampenicol 60 ml,Botol,ACP002,3225,,Normal,Syrup Dengan Dus,kg,9,raw_material
,,,,BPO001,,,,,kg,1.716,raw_material
,,,,BCS001,,,,,kg,2.6,raw_material
,,,,BMP001,,,,,kg,0.36,raw_material
,,,,BPP001,,,,,kg,0.06,raw_material
,,,,BSS001,,,,,kg,0.05,raw_material
,,,,BSC005,,,,,kg,0.3,raw_material
,,,,BMA002,,,,,kg,0.2,raw_material
,,,,BSC002,,,,,kg,0.1,raw_material
,,,,BEV001,,,,,kg,174.048,raw_material
,,,,BPW001,,,,,Liter(s),200,raw_material
,,,,CBO009,,,,,Pcs,3300,kemas_primer
,,,,CDO004,,,,,Pcs,3300,kemas_primer
,,,,CET054,,,,,Pcs,3226,kemas_sekunder
,,,,CBR051,,,,,Pcs,3226,kemas_sekunder
,,,,CRA007,,,,,Set,65,kemas_sekunder
,,,,CSH017,,,,,Pcs,22,kemas_sekunder
,,,,LBK010,,,,,Pcs,66,kemas_sekunder
,,,,CCT001,,,,,Roll,2,kemas_sekunder
,,,,CPB001,,,,,Roll,1,kemas_sekunder
bom_cotrimoksazole60ml,Cotrimoksazole 60 ml,Cotrimoksazole 60 ml,Botol,ATR001,3225,99.61,Normal,Syrup Dengan Dus,kg,1.64,raw_material
,,,,ASU001,,,,,kg,8.1,raw_material
,,,,BCS001,,,,,kg,1.625,raw_material
,,,,BMP001,,,,,kg,0.3,raw_material
,,,,BSU002,,,,,kg,8,raw_material
,,,,BSU002,,,,,kg,57,raw_material
,,,,BSC005,,,,,kg,0.2,raw_material
,,,,BSS001,,,,,kg,0.1,raw_material
,,,,BSC003,,,,,kg,0.5,raw_material
,,,,BCA001,,,,,kg,0.092,raw_material
,,,,BRR001,,,,,g,2.5,raw_material
,,,,BGL002,,,,,kg,2.524,raw_material
,,,,BES001,,,,,Liter(s),0.1,raw_material
,,,,BPW001,,,,,Liter(s),200,raw_material
,,,,CBO009,,,,,Pcs,3300,kemas_primer
,,,,CDO004,,,,,Pcs,3300,kemas_primer
,,,,CET059,,,,,Pcs,3226,kemas_sekunder
,,,,CBR055,,,,,Pcs,3226,kemas_sekunder
,,,,CRA007,,,,,Set,65,kemas_sekunder
,,,,CSH017,,,,,Pcs,22,kemas_sekunder
,,,,LBK010,,,,,Pcs,66,kemas_sekunder
,,,,CPB001,,,,,Roll,1,kemas_sekunder
bom_daganak100ml,Daganak 100 ml,Daganak 100 ml,Botol,AGU001,1990,98.88,Normal,Syrup Dengan Dus,kg,2.05,raw_material
,,,,BSU002,,,,,kg,50,raw_material
,,,,BMP001,,,,,kg,0.2,raw_material
,,,,BSC005,,,,,kg,0.67,raw_material
,,,,BSS001,,,,,kg,0.067,raw_material
,,,,BAL001,,,,,Liter(s),2,raw_material
,,,,BGL002,,,,,kg,12.619,raw_material
,,,,BSO002,,,,,kg,13.048,raw_material
,,,,BPO003,,,,,kg,0.045,raw_material
,,,,BAO001,,,,,kg,0.092,raw_material
,,,,BAS001,,,,,Liter(s),0.32,raw_material
,,,,BPW001,,,,,Liter(s),200,raw_material
,,,,CBO002,,,,,Pcs,2000,kemas_primer
,,,,CDO004,,,,,Pcs,2000,kemas_primer
,,,,CET001,,,,,Pcs,1991,kemas_sekunder
,,,,CBR056,,,,,Pcs,1991,kemas_sekunder
,,,,CRA005,,,,,Set,40,kemas_sekunder
,,,,CSH024,,,,,Pcs,13,kemas_sekunder
,,,,LBK010,,,,,Pcs,41,kemas_sekunder
,,,,CPB001,,,,,Roll,1,kemas_sekunder
bom_dextromethorphan60ml,Dextromethorphan 60 ml,Dextromethorphan 60 ml,Botol,ADH005,3278,,Normal,Syrup Dengan Dus,kg,0.42,raw_material
,,,,BSU002,,,,,kg,30,raw_material
,,,,BMP001,,,,,kg,0.165,raw_material
,,,,BPP001,,,,,kg,0.025,raw_material
,,,,BSC005,,,,,kg,0.2,raw_material
,,,,BRR001,,,,,g,5,raw_material
,,,,BES001,,,,,Liter(s),0.04,raw_material
,,,,BAL001,,,,,Liter(s),10,raw_material
,,,,BGL002,,,,,kg,12.619,raw_material
,,,,BSO002,,,,,kg,12.619,raw_material
,,,,BPW001,,,,,Liter(s),200,raw_material
,,,,CBO009,,,,,Pcs,3300,kemas_primer
,,,,CDO004,,,,,Pcs,3300,kemas_primer
,,,,CET061,,,,,Pcs,3279,kemas_sekunder
,,,,CBR059,,,,,Pcs,3279,kemas_sekunder
,,,,CRA007,,,,,Set,66,kemas_sekunder
,,,,CSH012,,,,,Pcs,22,kemas_sekunder
,,,,LBK010,,,,,Pcs,67,kemas_sekunder
,,,,CPB001,,,,,Roll,1,kemas_sekunder
bom_kosaka60ml,Kosaka 60 ml,Kosaka 60 ml,Botol,AAC001,3278,,Normal,Syrup Dengan Dus,kg,4.8,raw_material
,,,,ADH005,,,,,kg,0.4,raw_material
,,,,APH003,,,,,kg,0.14,raw_material
,,,,ACM001,,,,,kg,0.02,raw_material
,,,,BMP001,,,,,kg,0.2,raw_material
,,,,BSC003,,,,,kg,0.25,raw_material
,,,,BCA001,,,,,kg,0.092,raw_material
,,,,BSC005,,,,,kg,1.5,raw_material
,,,,BSS001,,,,,kg,0.15,raw_material
,,,,BPK001,,,,,kg,2,raw_material
,,,,BSU002,,,,,kg,40,raw_material
,,,,BEE001,,,,,g,40,raw_material
,,,,BFB002,,,,,kg,0.00025,raw_material
,,,,BSO002,,,,,kg,39.144,raw_material
,,,,BAL001,,,,,Liter(s),4,raw_material
,,,,BGL002,,,,,kg,31.548,raw_material
,,,,BPG001,,,,,kg,10.348,raw_material
,,,,BEG001,,,,,kg,0.362,raw_material
,,,,BPO003,,,,,kg,0.067,raw_material
,,,,BPW001,,,,,Liter(s),200,raw_material
,,,,CBO009,,,,,Pcs,3300,kemas_primer
,,,,CDO004,,,,,Pcs,3300,kemas_primer
,,,,CET072,,,,,Pcs,3279,kemas_sekunder
,,,,CIN078,,,,,Pcs,3279,kemas_sekunder
,,,,CBR072,,,,,Pcs,3279,kemas_sekunder
,,,,CSH017,,,,,Pcs,22,kemas_sekunder
,,,,LBK010,,,,,Pcs,67,kemas_sekunder
,,,,CPB001,,,,,Roll,1,kemas_sekunder
bom_obh100ml,OBH 100 ml,OBH 100 ml,Botol,AGS002,1990,,Normal,Syrup Dengan Dus,kg,4,raw_material
,,,,AAC002,,,,,kg,4,raw_material
,,,,AAC002,,,,,kg,4,raw_material
,,,,BMP001,,,,,kg,0.2,raw_material
,,,,BPP001,,,,,kg,0.06,raw_material
,,,,BSC005,,,,,kg,0.67,raw_material
,,,,BSS001,,,,,kg,0.067,raw_material
,,,,BAL001,,,,,Liter(s),2,raw_material
,,,,BPO003,,,,,kg,0.225,raw_material
,,,,BAO001,,,,,kg,0.287,raw_material
,,,,BAS001,,,,,Liter(s),0.35,raw_material
,,,,BEC001,,,,,kg,0.05,raw_material
,,,,BPW001,,,,,Liter(s),220,raw_material
,,,,CBO002,,,,,Pcs,2000,kemas_primer
,,,,CDO004,,,,,Pcs,2000,kemas_primer
,,,,CET082,,,,,Pcs,2021,kemas_sekunder
,,,,CBR078,,,,,Pcs,1981,kemas_sekunder
,,,,CIN089,,,,,Pcs,1981,kemas_sekunder
,,,,CSH026,,,,,Pcs,13,kemas_sekunder
,,,,LBK010,,,,,Pcs,41,kemas_sekunder
,,,,CPB001,,,,,Roll,1,kemas_sekunder
bom_obh100mltd,OBH 100 ml TD,OBH 100 ml TD,Botol,AGS002,1990,98.98,Normal,Syrup Dengan Dus,kg,4,raw_material
,,,,AAC002,,,,,kg,4,raw_material
,,,,AAC002,,,,,kg,4,raw_material
,,,,BMP001,,,,,kg,0.2,raw_material
,,,,BPP001,,,,,kg,0.06,raw_material
,,,,BSC005,,,,,kg,0.67,raw_material
,,,,BSS001,,,,,kg,0.067,raw_material
,,,,BAL001,,,,,Liter(s),2,raw_material
,,,,BPO003,,,,,kg,0.225,raw_material
,,,,BAO001,,,,,kg,0.287,raw_material
,,,,BAS001,,,,,Liter(s),0.35,raw_material
,,,,BEC001,,,,,kg,0.1,raw_material
,,,,BPW001,,,,,Liter(s),200,raw_material
,,,,CBO002,,,,,Pcs,2000,kemas_primer
,,,,CDO004,,,,,Pcs,2000,kemas_primer
,,,,CET082,,,,,Pcs,1981,kemas_sekunder
,,,,CBR078,,,,,Pcs,1981,kemas_sekunder
,,,,CSH024,,,,,Pcs,13,kemas_sekunder
,,,,CRA005,,,,,Set,40,kemas_sekunder
,,,,LBK010,,,,,Pcs,41,kemas_sekunder
,,,,CCT001,,,,,Roll,1,kemas_sekunder
,,,,CCT001,,,,,Roll,1,kemas_sekunder
,,,,CPB001,,,,,Roll,1,kemas_sekunder
bom_obh100mlgepeng,OBH 100 ml Gepeng,OBH 100 ml Gepeng,Botol,AGS002,1980,,Normal,Syrup Dengan Dus,kg,6.67,raw_material
,,,,AAC002,,,,,kg,4,raw_material
,,,,AAC002,,,,,kg,4,raw_material
,,,,BXG001,,,,,kg,0.4,raw_material
,,,,BMP001,,,,,kg,0.2,raw_material
,,,,BPP001,,,,,kg,0.06,raw_material
,,,,BSC005,,,,,kg,0.67,raw_material
,,,,BSS001,,,,,kg,0.007,raw_material
,,,,BAL001,,,,,Liter(s),2,raw_material
,,,,BGL002,,,,,kg,25.238,raw_material
,,,,BSO002,,,,,kg,26.096,raw_material
,,,,BPO003,,,,,kg,0.225,raw_material
,,,,BAO001,,,,,kg,0.287,raw_material
,,,,BAS001,,,,,Liter(s),0.35,raw_material
,,,,BCB001,,,,,g,100,raw_material
,,,,BEC001,,,,,kg,0.05,raw_material
,,,,BPW001,,,,,Liter(s),200,raw_material
,,,,CBO006,,,,,Pcs,2000,kemas_primer
,,,,CBO006,,,,,Pcs,2000,kemas_primer
,,,,CDO004,,,,,Pcs,2000,kemas_primer
,,,,CET081,,,,,Pcs,1981,kemas_sekunder
,,,,CBR078,,,,,Pcs,1981,kemas_sekunder
,,,,CIN088,,,,,Pcs,1981,kemas_sekunder
,,,,CSH026,,,,,Pcs,13,kemas_sekunder
,,,,CPB001,,,,,Roll,1,kemas_sekunder
bom_obh100mlexport,OBH 100 ml Export,OBH 100 ml Export,Botol,AGS002,1990,,Normal,Syrup Dengan Dus,kg,4.5,raw_material
,,,,AAC002,,,,,kg,4,raw_material
,,,,AAC002,,,,,kg,4,raw_material
,,,,BMP001,,,,,kg,0.2,raw_material
,,,,BPP001,,,,,kg,0.06,raw_material
,,,,BSC005,,,,,kg,0.67,raw_material
,,,,BSS001,,,,,kg,0.067,raw_material
,,,,BSU002,,,,,kg,2,raw_material
,,,,BAL001,,,,,Liter(s),2,raw_material
,,,,BPO003,,,,,kg,0.225,raw_material
,,,,BAO001,,,,,kg,0.287,raw_material
,,,,BAS001,,,,,Liter(s),0.35,raw_material
,,,,BEC001,,,,,kg,0.26,raw_material
,,,,BPW001,,,,,Liter(s),200,raw_material
,,,,CBO002,,,,,Pcs,2000,kemas_primer
,,,,CDO004,,,,,Pcs,2000,kemas_primer
,,,,CET083,,,,,Pcs,1990,kemas_sekunder
,,,,CBR079,,,,,Pcs,1990,kemas_sekunder
,,,,CIN003,,,,,Pcs,1990,kemas_sekunder
,,,,LBK027,,,,,Pcs,40,kemas_sekunder
,,,,CPB001,,,,,Roll,0.3,kemas_sekunder
bom_paracetamol60ml,Paracetamol 60 ml,Paracetamol 60 ml,Botol,AAC001,3606,,Normal,Syrup Dengan Dus,kg,5.3,raw_material
,,,,BMP001,,,,,kg,0.2,raw_material
,,,,BPP001,,,,,kg,0.1,raw_material
,,,,BSU002,,,,,kg,30,raw_material
,,,,BAG001,,,,,g,6.5,raw_material
,,,,BSC005,,,,,kg,0.2,raw_material
,,,,BSS001,,,,,kg,0.02,raw_material
,,,,BAL001,,,,,Liter(s),20,raw_material
,,,,BGL002,,,,,kg,12.619,raw_material
,,,,BPG001,,,,,kg,10.348,raw_material
,,,,BSO002,,,,,kg,26.096,raw_material
,,,,BPO003,,,,,kg,0.045,raw_material
,,,,BPW001,,,,,Liter(s),220,raw_material
,,,,BPW001,,,,,Liter(s),900,raw_material
,,,,CBO009,,,,,Pcs,3620,kemas_primer
,,,,CDO004,,,,,Pcs,3620,kemas_primer
,,,,CET090,,,,,Pcs,3607,kemas_sekunder
,,,,CBR085,,,,,Pcs,3607,kemas_sekunder
,,,,CSH017,,,,,Pcs,24,kemas_sekunder
,,,,CRA007,,,,,Set,72,kemas_sekunder
,,,,LBK010,,,,,Pcs,73,kemas_sekunder
,,,,CCT001,,,,,Roll,2,kemas_sekunder
,,,,CCT001,,,,,Roll,2,kemas_sekunder
,,,,CPB001,,,,,Roll,2,kemas_sekunder
bom_sanmino120ml,Sanmino 120 ml,Sanmino 120 ml,Botol,ACD001,1639,95.45,Normal,Syrup Dengan Dus,kg,1050,raw_material
,,,,ACX001,,,,,kg,1050,raw_material
,,,,ALH002,,,,,kg,3,raw_material
,,,,ATA001,,,,,kg,0.6,raw_material
,,,,AIN001,,,,,kg,0.6,raw_material
,,,,BCA001,,,,,kg,2,raw_material
,,,,BSC005,,,,,kg,0.2,raw_material
,,,,BSS001,,,,,kg,0.08,raw_material
,,,,BGL002,,,,,kg,50.476,raw_material
,,,,BSO002,,,,,kg,52.192,raw_material
,,,,BSC002,,,,,kg,4,raw_material
,,,,BPP001,,,,,kg,0.04,raw_material
,,,,BXG001,,,,,kg,0.3,raw_material
,,,,BSU002,,,,,kg,50,raw_material
,,,,BEA001,,,,,kg,0.31,raw_material
,,,,BMP001,,,,,kg,0.15,raw_material
,,,,BPW001,,,,,Liter(s),200,raw_material
,,,,CBO005,,,,,Pcs,1650,kemas_primer
,,,,CDO004,,,,,Pcs,1650,kemas_primer
,,,,CBR096,,,,,Pcs,1640,kemas_sekunder
,,,,CIN102,,,,,Pcs,1640,kemas_sekunder
,,,,CET106,,,,,Pcs,1640,kemas_sekunder
,,,,CSP001,,,,,Pcs,1639,kemas_sekunder
,,,,CSH023,,,,,Pcs,17,kemas_sekunder
,,,,CPB001,,,,,Roll,0.3,kemas_sekunder
bom_alkohol70100ml,Alkohol 70% 100 ml,Alkohol 70% 100 ml,Botol,BAL001,1990,,Normal,Larutan,Liter(s),148,raw_material
,,,,BPW001,,,,,Liter(s),200,raw_material
,,,,CBO019,,,,,Pcs,2000,kemas_primer
,,,,CTB007,,,,,Pcs,2000,kemas_primer
,,,,CET002,,,,,Pcs,1991,kemas_sekunder
,,,,CSH015,,,,,Pcs,13,kemas_sekunder
,,,,LBK010,,,,,Pcs,41,kemas_sekunder
,,,,CPB001,,,,,Roll,1,kemas_sekunder
bom_alkohol701l,Alkohol 70% 1 L,Alkohol 70% 1 L,Botol,BAL001,198,,Normal,Larutan,Liter(s),148,raw_material
,,,,BPW001,,,,,Liter(s),200,raw_material
,,,,CBO018,,,,,Pcs,200,kemas_primer
,,,,CTB006,,,,,Pcs,200,kemas_primer
,,,,CET003,,,,,Pcs,199,kemas_sekunder
,,,,CSH031,,,,,Pcs,5,kemas_sekunder
,,,,LBK011,,,,,Pcs,10,kemas_sekunder
,,,,LBK010,,,,,Pcs,11,kemas_sekunder
,,,,CPB001,,,,,Roll,0.2,kemas_sekunder
bom_cayodine30ml,Cayodine 30 ml,Cayodine 30 ml,Botol,API002,3225,,Normal,Larutan,kg,10,raw_material
,,,,BSL001,,,,,kg,0.1,raw_material
,,,,BAL001,,,,,Liter(s),4,raw_material
,,,,BMP001,,,,,kg,0.1,raw_material
,,,,BPW001,,,,,Liter(s),100,raw_material
,,,,CBO015,,,,,Pcs,3230,kemas_primer
,,,,CPI002,,,,,Pcs,3230,kemas_primer
,,,,CTB002,,,,,Pcs,3230,kemas_primer
,,,,CIN052,,,,,Pcs,3226,kemas_sekunder
,,,,CBR048,,,,,Pcs,1,kemas_sekunder
,,,,CSH010,,,,,Pcs,17,kemas_sekunder
,,,,LBK012,,,,,Pcs,33,kemas_sekunder
,,,,LBK010,,,,,Pcs,34,kemas_sekunder
,,,,CPB001,,,,,Roll,1,kemas_sekunder
bom_cayodine30mltd,Cayodine 30 ml TD,Cayodine 30 ml TD,Botol,API002,3225,,Normal,Larutan,kg,10,raw_material
,,,,BSL001,,,,,kg,0.1,raw_material
,,,,BAL001,,,,,Liter(s),4,raw_material
,,,,BMP001,,,,,kg,0.1,raw_material
,,,,BPW001,,,,,Liter(s),100,raw_material
,,,,CBO015,,,,,Pcs,3230,kemas_primer
,,,,CPI002,,,,,Pcs,3231,kemas_primer
,,,,CTB002,,,,,Pcs,3230,kemas_primer
,,,,CBR048,,,,,Pcs,3226,kemas_sekunder
,,,,CSH006,,,,,Pcs,11,kemas_sekunder
,,,,LBK012,,,,,Pcs,33,kemas_sekunder
,,,,LBK010,,,,,Pcs,34,kemas_sekunder
,,,,CPB001,,,,,Roll,1,kemas_sekunder
bom_cayodine60ml,Cayodine 60 ml,Cayodine 60 ml,Botol,API002,1639,,Normal,Larutan,kg,10,raw_material
,,,,BSL001,,,,,kg,0.1,raw_material
,,,,BAL001,,,,,Liter(s),4,raw_material
,,,,BMP001,,,,,kg,0.1,raw_material
,,,,BPW001,,,,,Liter(s),100,raw_material
,,,,CBO017,,,,,Pcs,1650,kemas_primer
,,,,CTB005,,,,,Pcs,1650,kemas_primer
,,,,CIN053,,,,,Pcs,1639,kemas_sekunder
,,,,CBR048,,,,,Pcs,1639,kemas_sekunder
,,,,CSH033,,,,,Pcs,33,kemas_sekunder
,,,,LBK010,,,,,Pcs,33,kemas_sekunder
,,,,CPB001,,,,,Roll,0.3,kemas_sekunder
bom_cayodine60mltd,Cayodine 60 ml TD,Cayodine 60 ml TD,Botol,API002,1639,,Normal,Larutan,kg,10,raw_material
,,,,BSL001,,,,,kg,0.1,raw_material
,,,,BAL001,,,,,Liter(s),4,raw_material
,,,,BMP001,,,,,kg,0.1,raw_material
,,,,BPW001,,,,,Liter(s),100,raw_material
,,,,CBO017,,,,,Pcs,1650,kemas_primer
,,,,CTB005,,,,,Pcs,1650,kemas_primer
,,,,CBR048,,,,,Pcs,1641,kemas_sekunder
,,,,CSH040,,,,,Pcs,2,kemas_sekunder
,,,,LBK004,,,,,Pcs,68,kemas_sekunder
,,,,LBK010,,,,,Roll,7,kemas_sekunder
,,,,CPB001,,,,,Roll,0.1,kemas_sekunder
bom_cayodine1l,Cayodine 1 L,Cayodine 1 L,Botol,API002,198,,Normal,Larutan,kg,20,raw_material
,,,,BSL001,,,,,kg,0.2,raw_material
,,,,BAL001,,,,,Liter(s),8,raw_material
,,,,BMP001,,,,,kg,0.2,raw_material
,,,,BPW001,,,,,Liter(s),200,raw_material
,,,,CBO013,,,,,Pcs,200,kemas_primer
,,,,CTB001,,,,,Pcs,200,kemas_primer
,,,,CET051,,,,,Pcs,200,kemas_sekunder
,,,,CBR048,,,,,Pcs,199,kemas_sekunder
,,,,CSH031,,,,,Pcs,5,kemas_sekunder
,,,,LBK013,,,,,Pcs,10,kemas_sekunder
,,,,LBK010,,,,,Pcs,11,kemas_sekunder
,,,,CCT001,,,,,Roll,0.1,kemas_sekunder
,,,,CPB001,,,,,Roll,0.2,kemas_sekunder
bom_glyserol100ml,Glyserol 100 ml,Glyserol 100 ml,Botol,BGL002,1980,98.7,Normal,Larutan,kg,252.38,raw_material
,,,,CBO019,,,,,Pcs,2000,kemas_primer
,,,,CTB007,,,,,Pcs,2000,kemas_primer
,,,,CET070,,,,,Pcs,1981,kemas_sekunder
,,,,CBR071,,,,,Pcs,1981,kemas_sekunder
,,,,CSH015,,,,,Pcs,13,kemas_sekunder
,,,,LBK010,,,,,Pcs,41,kemas_sekunder
,,,,CCT001,,,,,Roll,1,kemas_sekunder
,,,,CPB001,,,,,Roll,1,kemas_sekunder
bom_phenolglycerol5ml,Phenol Glycerol 5 ml,Phenol Glycerol 5 ml,Botol,BPH002,7407,97.76,Normal,Larutan,kg,4,raw_material
,,,,BGL002,,,,,kg,45.43,raw_material
,,,,CBO025,,,,,Pcs,8000,kemas_primer
,,,,CPI010,,,,,Pcs,8000,kemas_primer
,,,,CET091,,,,,Pcs,7717,kemas_sekunder
,,,,CBR086,,,,,Pcs,7407,kemas_sekunder
,,,,CIN096,,,,,Pcs,309,kemas_sekunder
,,,,CSH019,,,,,Pcs,5,kemas_sekunder
,,,,LBK010,,,,,Pcs,17,kemas_sekunder
,,,,CCT001,,,,,Roll,0.2,kemas_sekunder
,,,,CPB001,,,,,Roll,0.3,kemas_sekunder
bom_povidoneiodine30ml,Povidone iodine 30 ml,Povidone iodine 30 ml,Botol,API002,3225,,Normal,Larutan,kg,10,raw_material
,,,,BSL001,,,,,kg,0.1,raw_material
,,,,BAL001,,,,,Liter(s),4,raw_material
,,,,BMP001,,,,,kg,0.1,raw_material
,,,,BPW001,,,,,Liter(s),100,raw_material
,,,,CBO014,,,,,Pcs,3230,kemas_primer
,,,,CPI003,,,,,Pcs,3230,kemas_primer
,,,,CTB019,,,,,Pcs,3230,kemas_primer
,,,,CET099,,,,,Pcs,3227,kemas_sekunder
,,,,CBR090,,,,,Pcs,3229,kemas_sekunder
,,,,CSH006,,,,,Pcs,11,kemas_sekunder
,,,,LBK021,,,,,Pcs,33,kemas_sekunder
,,,,LBK010,,,,,Pcs,33,kemas_sekunder
,,,,CPB001,,,,,Roll,1,kemas_sekunder
bom_povidoneiodine300ml,Povidone iodine 300 ml,Povidone iodine 300 ml,Botol,API002,660,,Normal,Larutan,kg,20,raw_material
,,,,BSL001,,,,,kg,0.2,raw_material
,,,,BAL001,,,,,Liter(s),8,raw_material
,,,,BMP001,,,,,kg,0.2,raw_material
,,,,BPW001,,,,,Liter(s),200,raw_material
,,,,CBO017,,,,,Pcs,660,kemas_primer
,,,,CTB004,,,,,Pcs,660,kemas_primer
,,,,CET100,,,,,Pcs,676,kemas_sekunder
,,,,CBR090,,,,,Pcs,661,kemas_sekunder
,,,,CSH038,,,,,Pcs,7,kemas_sekunder
,,,,LBK014,,,,,Pcs,14,kemas_sekunder
,,,,LBK010,,,,,Pcs,14,kemas_sekunder
,,,,CCT001,,,,,Roll,0.3,kemas_sekunder
,,,,CPB001,,,,,Roll,0.2,kemas_sekunder
bom_povidoneiodine1l,Povidone iodine 1 L,Povidone iodine 1 L,Botol,API002,198,,Normal,Larutan,kg,20,raw_material
,,,,BSL001,,,,,kg,0.2,raw_material
,,,,BAL001,,,,,Liter(s),8,raw_material
,,,,BMP001,,,,,kg,0.2,raw_material
,,,,BPW001,,,,,Liter(s),200,raw_material
,,,,CBO013,,,,,Pcs,200,kemas_primer
,,,,CTB001,,,,,Pcs,200,kemas_primer
,,,,CET098,,,,,Pcs,200,kemas_sekunder
,,,,CBR090,,,,,Pcs,199,kemas_sekunder
,,,,CSH031,,,,,Pcs,5,kemas_sekunder
,,,,LBK013,,,,,Pcs,10,kemas_sekunder
,,,,LBK010,,,,,Pcs,11,kemas_sekunder
,,,,CCT001,,,,,Roll,0.1,kemas_sekunder
,,,,CPB001,,,,,Roll,0.2,kemas_sekunder
bom_rivanol300ml,Rivanol 300 ml,Rivanol 300 ml,Botol,AEL001,660,,Normal,Larutan,kg,0.201,raw_material
,,,,BPW001,,,,,Liter(s),200,raw_material
,,,,CBO024,,,,,Pcs,680,kemas_primer
,,,,CPI009,,,,,Pcs,661,kemas_primer
,,,,CET104,,,,,Pcs,661,kemas_sekunder
,,,,CBR095,,,,,Pcs,661,kemas_sekunder
,,,,CSH038,,,,,Pcs,7,kemas_sekunder
,,,,LBK014,,,,,Pcs,14,kemas_sekunder
,,,,LBK010,,,,,Pcs,14,kemas_sekunder
,,,,CCT001,,,,,Roll,0.3,kemas_sekunder
,,,,CPB001,,,,,Roll,0.2,kemas_sekunder
bom_rivanol100ml,Rivanol 100 ml,Rivanol 100 ml,Botol,AEL001,660,,Normal,Larutan,kg,0.201,raw_material
,,,,BPW001,,,,,Liter(s),200,raw_material
,,,,CBO019,,,,,Pcs,680,kemas_primer
,,,,CPI006,,,,,Pcs,661,kemas_primer
,,,,CET103,,,,,Pcs,661,kemas_sekunder
,,,,CBR095,,,,,Pcs,661,kemas_sekunder
,,,,CSH015,,,,,Pcs,5,kemas_sekunder
,,,,LBK014,,,,,Pcs,14,kemas_sekunder
,,,,LBK010,,,,,Pcs,14,kemas_sekunder
,,,,CCT001,,,,,Roll,0.3,kemas_sekunder
,,,,CPB001,,,,,Roll,0.2,kemas_sekunder
bom_lysol1l,Lysol 1 L,Lysol 1 L,Botol,ACR001,99,,Normal,,Liter(s),50,raw_material
,,,,BAL001,,,,,Liter(s),10,raw_material
,,,,BPH002,,,,,kg,0.006,raw_material
,,,,BPW001,,,,,Liter(s),100,raw_material
,,,,CBO018,,,,,Pcs,100,kemas_primer
,,,,CTB006,,,,,Pcs,100,kemas_primer
,,,,CET079,,,,,Pcs,99,kemas_sekunder
,,,,CSH031,,,,,Pcs,3,kemas_sekunder
,,,,LBK013,,,,,Pcs,5,kemas_sekunder
,,,,LBK010,,,,,Pcs,5,kemas_sekunder
,,,,CPB001,,,,,Roll,0.1,kemas_sekunder
bom_camicetine250mgstrip,Camicetine 250 mg Strip,Camicetine 250 mg Strip,Kpsul,ACB001,120000,,Normal,Kaplet/Tablet,kg,30,raw_material
,,,,BCS003,,,,,kg,3.18,raw_material
,,,,BSL001,,,,,kg,0.18,raw_material
,,,,BSS002,,,,,kg,0.84,raw_material
,,,,BTA001,,,,,kg,2.28,raw_material
,,,,BMS001,,,,,kg,0.72,raw_material
,,,,BCN015,,,,,Pcs,120000,raw_material
,,,,CBA001,,,,,Roll,3,kemas_primer
,,,,CFA006,,,,,Roll,3,kemas_primer
,,,,CBR016,,,,,Pcs,1200,kemas_sekunder
,,,,CIN019,,,,,Pcs,1200,kemas_sekunder
,,,,CCT001,,,,,Roll,1,kemas_sekunder
,,,,CSH028,,,,,Pcs,24,kemas_sekunder
,,,,LBK010,,,,,Pcs,24,kemas_sekunder
,,,,CPB001,,,,,Roll,1,kemas_sekunder
bom_camicetine500mgstrip,Camicetine 500 mg Strip,Camicetine 500 mg Strip,Kpsul,ACB001,60000,,Normal,Kapsul,kg,30,raw_material
,,,,BCS003,,,,,kg,0.78,raw_material
,,,,BSL001,,,,,kg,0.06,raw_material
,,,,BSS002,,,,,kg,0.3,raw_material
,,,,BTA001,,,,,kg,0.9,raw_material
,,,,BMS001,,,,,kg,0.36,raw_material
,,,,BCN003,,,,,Pcs,60000,raw_material
,,,,CBA003,,,,,Roll,1,kemas_primer
,,,,CFA007,,,,,Roll,1,kemas_primer
,,,,CBR016,,,,,Pcs,600,kemas_sekunder
,,,,CIN020,,,,,Pcs,600,kemas_sekunder
,,,,CCT001,,,,,Roll,1,kemas_sekunder
,,,,CSH028,,,,,Pcs,12,kemas_sekunder
,,,,LBK010,,,,,Pcs,12,kemas_sekunder
,,,,CPB001,,,,,Roll,0.3,kemas_sekunder
bom_camicyclin250mgstrip,Camicyclin 250 mg Strip,Camicyclin 250 mg Strip,Kpsul,ATH001,120000,,Normal,Kapsul,kg,30,raw_material
,,,,BCS003,,,,,kg,1.401,raw_material
,,,,BTA001,,,,,kg,1.845,raw_material
,,,,BMS001,,,,,kg,0.115,raw_material
,,,,BCN012,,,,,Pcs,120000,raw_material
,,,,CBA001,,,,,Roll,3,kemas_primer
,,,,CFA007,,,,,Roll,3,kemas_primer
,,,,CBR021,,,,,Pcs,1200,kemas_sekunder
,,,,CIN025,,,,,Pcs,1200,kemas_sekunder
,,,,CCT001,,,,,Roll,1,kemas_sekunder
,,,,CSH030,,,,,Pcs,24,kemas_sekunder
,,,,LBK010,,,,,Pcs,24,kemas_sekunder
,,,,CPB001,,,,,Roll,1,kemas_sekunder
bom_camicyclin500mgstrip,Camicyclin 500 mg Strip,Camicyclin 500 mg Strip,Kpsul,ATH001,60000,,Normal,Kapsul,kg,30,raw_material
,,,,BCS003,,,,,kg,0.3,raw_material
,,,,BTA001,,,,,kg,1.5,raw_material
,,,,BMS001,,,,,kg,0.3,raw_material
,,,,BCN002,,,,,Pcs,60000,raw_material
,,,,CBA003,,,,,Roll,1,kemas_primer
,,,,CFA011,,,,,Roll,1,kemas_primer
,,,,CBR022,,,,,Pcs,601,kemas_sekunder
,,,,CIN026,,,,,Pcs,601,kemas_sekunder
,,,,CSH028,,,,,Pcs,12,kemas_sekunder
,,,,LBK010,,,,,Pcs,13,kemas_sekunder
,,,,CCT001,,,,,Roll,0.4,kemas_sekunder
,,,,CPB001,,,,,Roll,0.3,kemas_sekunder
bom_camitrosin250mgstrip,Camitrosin 250 mg Strip,Camitrosin 250 mg Strip,Kpsul,AES001,86480,,Normal,Kapsul,kg,30,raw_material
,,,,BCS003,,,,,kg,0.779,raw_material
,,,,BSL001,,,,,kg,1.038,raw_material
,,,,BSS002,,,,,kg,0.692,raw_material
,,,,BTA001,,,,,kg,1.038,raw_material
,,,,BMS001,,,,,kg,0.519,raw_material
,,,,BCN006,,,,,Pcs,86480,raw_material
,,,,CBA001,,,,,Roll,2,kemas_primer
,,,,CFA016,,,,,Roll,2,kemas_primer
,,,,CBR037,,,,,Pcs,864,kemas_sekunder
,,,,CIN041,,,,,Pcs,864,kemas_sekunder
,,,,CCT001,,,,,Roll,1,kemas_sekunder
,,,,CSH028,,,,,Pcs,18,kemas_sekunder
,,,,LBK010,,,,,Pcs,18,kemas_sekunder
,,,,CPB001,,,,,Roll,0.4,kemas_sekunder
bom_chlorampenicol250mgpot1000,Chlorampenicol 250 mg Pot 1000,Chlorampenicol 250 mg Pot 1000,Kpsul,ACB001,120000,,Normal,Kapsul,kg,30,raw_material
,,,,BCS003,,,,,kg,3.18,raw_material
,,,,BSL001,,,,,kg,0.18,raw_material
,,,,BSS002,,,,,kg,0.84,raw_material
,,,,BTA001,,,,,kg,2.28,raw_material
,,,,BMS001,,,,,kg,0.72,raw_material
,,,,BCN016,,,,,Pcs,120000,raw_material
,,,,LBK009,,,,,Pcs,480,kemas_primer
,,,,CSG001,,,,,kg,0.48,kemas_primer
,,,,LBK002,,,,,Pcs,120,kemas_primer
,,,,CBR049,,,,,Pcs,121,kemas_sekunder
,,,,CET052,,,,,Pcs,121,kemas_sekunder
,,,,CSH025,,,,,Pcs,5,kemas_sekunder
,,,,LBK010,,,,,Pcs,6,kemas_sekunder
,,,,CPB001,,,,,Roll,0.1,kemas_sekunder
bom_chlorampenicol250mgstrip12,Chlorampenicol 250 mg Strip 12,Chlorampenicol 250 mg Strip 12,Kpsul,ACB001,120000,,Normal,Kapsul,kg,30,raw_material
,,,,BCS003,,,,,kg,3.18,raw_material
,,,,BSL001,,,,,kg,0.18,raw_material
,,,,BSS002,,,,,kg,0.84,raw_material
,,,,BTA001,,,,,kg,2.28,raw_material
,,,,BMS001,,,,,kg,0.72,raw_material
,,,,BCN015,,,,,Pcs,120000,raw_material
,,,,CBA001,,,,,Roll,3,kemas_primer
,,,,CFA020,,,,,Roll,3,kemas_primer
,,,,CBR050,,,,,Pcs,1002,kemas_sekunder
,,,,CIN055,,,,,Pcs,1001,kemas_sekunder
,,,,CSH019,,,,,Pcs,10,kemas_sekunder
,,,,CCT001,,,,,Roll,1,kemas_sekunder
,,,,LBK010,,,,,Pcs,21,kemas_sekunder
,,,,CPB001,,,,,Roll,0.4,kemas_sekunder
bom_erythromycin250mgstrip,Erythromycin 250 mg Strip,Erythromycin 250 mg Strip,Kpsul,AES001,86480,,Normal,Kapsul,kg,30,raw_material
,,,,BCS003,,,,,kg,0.779,raw_material
,,,,BSL001,,,,,kg,1.038,raw_material
,,,,BSS002,,,,,kg,0.692,raw_material
,,,,BTA001,,,,,kg,1.038,raw_material
,,,,BMS001,,,,,kg,0.519,raw_material
,,,,BCN006,,,,,Pcs,86480,raw_material
,,,,CBA001,,,,,Roll,2,kemas_primer
,,,,CFA021,,,,,Roll,2,kemas_primer
,,,,CBR062,,,,,Pcs,865,kemas_sekunder
,,,,CIN064,,,,,Pcs,865,kemas_sekunder
,,,,CCT001,,,,,Roll,1,kemas_sekunder
,,,,CSH028,,,,,Pcs,18,kemas_sekunder
,,,,LBK010,,,,,Pcs,19,kemas_sekunder
,,,,CPB001,,,,,Roll,0.4,kemas_sekunder
bom_heparsanpot30,Heparsan Pot 30,Heparsan Pot 30,Kpsul,ACD001,60000,,Normal,Kapsul,kg,3,raw_material
,,,,ACX001,,,,,kg,3,raw_material
,,,,AAA003,,,,,kg,0.6,raw_material
,,,,ALP002,,,,,kg,18,raw_material
,,,,BSS002,,,,,kg,0.33,raw_material
,,,,BLA001,,,,,kg,3.99,raw_material
,,,,BMS001,,,,,kg,0.15,raw_material
,,,,BTA001,,,,,kg,0.93,raw_material
,,,,BCN008,,,,,Pcs,60000,raw_material
,,,,LBK003,,,,,Pcs,2000,kemas_primer
,,,,CSG001,,,,,kg,2,kemas_primer
,,,,CSE001,,,,,Pcs,2000,kemas_primer
,,,,CET071,,,,,Pcs,2000,kemas_sekunder
,,,,CIN002,,,,,Pcs,2000,kemas_sekunder
,,,,LBK028,,,,,Pcs,34,kemas_sekunder
,,,,CPB001,,,,,Roll,0.3,kemas_sekunder
bom_oximakpot30,Oximak Pot 30,Oximak Pot 30,Kpsul,ABC001,100000,100.44,Normal,Kapsul,kg,0.3,raw_material
,,,,AVE001,,,,,kg,6.7,raw_material
,,,,AAA003,,,,,kg,25,raw_material
,,,,LBB002,,,,,g,1,raw_material
,,,,AZS001,,,,,kg,2,raw_material
,,,,AYE001,,,,,kg,10,raw_material
,,,,ALP001,,,,,kg,15,raw_material
,,,,BTA001,,,,,kg,1.2,raw_material
,,,,BCN007,,,,,Pcs,100000,raw_material
,,,,CBO012,,,,,Pcs,3333,kemas_primer
,,,,CSG001,,,,,kg,3,kemas_primer
,,,,CSE001,,,,,Pcs,3333,kemas_primer
,,,,CET086,,,,,Pcs,3389,kemas_sekunder
,,,,CIN091,,,,,Pcs,3333,kemas_sekunder
,,,,CBR081,,,,,Pcs,3333,kemas_sekunder
,,,,CSH019,,,,,Pcs,28,kemas_sekunder
,,,,CPB001,,,,,Roll,1,kemas_sekunder
bom_phenytoin100mgpot100,Phenytoin 100 mg Pot 100,Phenytoin 100 mg Pot 100,Kpsul,APS001,120000,,Normal,Kapsul,kg,12,raw_material
,,,,BMC001,,,,,kg,8.4,raw_material
,,,,BSS002,,,,,kg,1.2,raw_material
,,,,BGP002,,,,,kg,3.6,raw_material
,,,,BMS001,,,,,kg,1.2,raw_material
,,,,BCN016,,,,,Pcs,120000,raw_material
,,,,LBK009,,,,,Pcs,1200,kemas_primer
,,,,CSG001,,,,,kg,1,kemas_primer
,,,,CBO011,,,,,Pcs,1200,kemas_primer
,,,,CTB008,,,,,Pcs,1200,kemas_primer
,,,,CET092,,,,,Pcs,1202,kemas_sekunder
,,,,CBR087,,,,,Pcs,1201,kemas_sekunder
,,,,CSH013,,,,,Pcs,12,kemas_sekunder
,,,,LBK015,,,,,Pcs,12,kemas_sekunder
,,,,LBK010,,,,,lbr,13,kemas_sekunder
,,,,CPB001,,,,,Roll,0.2,kemas_sekunder
bom_phenytoin100mgpot250,Phenytoin 100 mg Pot 250,Phenytoin 100 mg Pot 250,Kpsul,BMC001,120000,,Normal,Kapsul,kg,8.4,raw_material
,,,,BCN016,,,,,Pcs,120000,raw_material
,,,,BGP002,,,,,kg,3.6,raw_material
,,,,BMS001,,,,,kg,1.2,raw_material
,,,,APS001,,,,,kg,12,raw_material
,,,,BSS002,,,,,kg,1.2,raw_material
,,,,CBO020,,,,,Pcs,480,kemas_primer
,,,,CTB009,,,,,Pcs,480,kemas_primer
,,,,CSG001,,,,,kg,0.48,kemas_primer
,,,,CBR088,,,,,Pcs,480,kemas_sekunder
,,,,CET093,,,,,Pcs,480,kemas_sekunder
,,,,CSH019,,,,,Pcs,5,kemas_sekunder
bom_phenytoin30mgpot100,Phenytoin 30 mg Pot 100,Phenytoin 30 mg Pot 100,Kpsul,APS001,100000,,Normal,Kapsul,kg,3,raw_material
,,,,BMC001,,,,,kg,10,raw_material
,,,,BSS002,,,,,kg,3.5,raw_material
,,,,BMS001,,,,,kg,0.8,raw_material
,,,,BSL001,,,,,kg,4.7,raw_material
,,,,BCN021,,,,,Pcs,100000,raw_material
,,,,LBK009,,,,,Pcs,1000,kemas_primer
,,,,CSG001,,,,,kg,1,kemas_primer
,,,,CBO011,,,,,Pcs,1000,kemas_primer
,,,,CTB008,,,,,Pcs,1000,kemas_primer
,,,,CET094,,,,,Pcs,1002,kemas_sekunder
,,,,CBR087,,,,,Pcs,1001,kemas_sekunder
,,,,CSH013,,,,,Pcs,10,kemas_sekunder
,,,,LBK015,,,,,Pcs,10,kemas_sekunder
,,,,LBK010,,,,,lbr,11,kemas_sekunder
,,,,CPB001,,,,,Roll,0.2,kemas_sekunder
bom_phenytoin30mgpot250,Phenytoin 30 mg Pot 250,Phenytoin 30 mg Pot 250,Kpsul,BMC001,100000,,Normal,Kapsul,kg,10,raw_material
,,,,BMS001,,,,,kg,0.8,raw_material
,,,,APS001,,,,,kg,3,raw_material
,,,,BSL001,,,,,kg,4.7,raw_material
,,,,BSS002,,,,,kg,3.5,raw_material
,,,,BCN021,,,,,Pcs,100000,raw_material
,,,,CBO020,,,,,Pcs,400,kemas_primer
,,,,CTB009,,,,,Pcs,400,kemas_primer
,,,,CSG001,,,,,kg,0.4,kemas_primer
,,,,CBR088,,,,,Pcs,480,kemas_sekunder
,,,,CET095,,,,,Pcs,480,kemas_sekunder
,,,,CSH019,,,,,Pcs,5,kemas_sekunder
bom_tetracycline250mgpot1000,Tetracycline 250 mg Pot 1000,Tetracycline 250 mg Pot 1000,Kpsul,ATH001,120000,,Normal,Kapsul,kg,30,raw_material
,,,,BCS003,,,,,kg,1.401,raw_material
,,,,BTA001,,,,,kg,1.845,raw_material
,,,,BMS001,,,,,kg,0.115,raw_material
,,,,BCN017,,,,,Pcs,120000,raw_material
,,,,LBK009,,,,,Pcs,120,kemas_primer
,,,,CSG001,,,,,kg,0.12,kemas_primer
,,,,LBK002,,,,,Pcs,120,kemas_primer
,,,,CBR097,,,,,Pcs,121,kemas_sekunder
,,,,CET107,,,,,Pcs,121,kemas_sekunder
,,,,CSH025,,,,,Pcs,5,kemas_sekunder
,,,,LBK010,,,,,Pcs,6,kemas_sekunder
,,,,CPB001,,,,,Roll,0.1,kemas_sekunder
bom_zentropil30mgpot250,Zentropil 30 mg Pot 250,Zentropil 30 mg Pot 250,Kpsul,APS001,100000,,Normal,Kapsul,kg,3,raw_material
,,,,BMC001,,,,,kg,10,raw_material
,,,,BSS002,,,,,kg,3.5,raw_material
,,,,BMS001,,,,,kg,0.8,raw_material
,,,,BSL001,,,,,kg,4.7,raw_material
,,,,BCN021,,,,,Pcs,100000,raw_material
,,,,LBK009,,,,,Pcs,400,kemas_primer
,,,,CSG001,,,,,kg,0.12,kemas_primer
,,,,CBO022,,,,,Pcs,400,kemas_primer
,,,,CET115,,,,,Pcs,400,kemas_sekunder
,,,,CBR106,,,,,Pcs,400,kemas_sekunder
,,,,CSH019,,,,,Pcs,4,kemas_sekunder
,,,,LBK010,,,,,Pcs,8,kemas_sekunder
,,,,CPB001,,,,,Roll,0.2,kemas_sekunder
bom_aminophylline10ml@30,Aminophylline  10 ml @ 30,Aminophylline  10 ml @ 30,Ampul,AAA001,9523,96.04,Normal,Injeksi,kg,2.424,raw_material
,,,,BSC001,,,,,kg,0.47,raw_material
,,,,AET001,,,,,Liter(s),0.17,raw_material
,,,,BWF001,,,,,Liter(s),0.2,raw_material
,,,,CAM005,,,,,Pcs,9600,kemas_primer
,,,,CET006,,,,,Pcs,9842,kemas_sekunder
,,,,CIN005,,,,,Pcs,319,kemas_sekunder
,,,,CIN005,,,,,Pcs,319,kemas_sekunder
,,,,CRA003,,,,,Set,318,kemas_sekunder
,,,,CBR001,,,,,Pcs,319,kemas_sekunder
,,,,LBK020,,,,,Pcs,318,kemas_sekunder
,,,,CSH016,,,,,Pcs,7,kemas_sekunder
,,,,LBK010,,,,,Pcs,21,kemas_sekunder
,,,,CCT001,,,,,Roll,0.2,kemas_sekunder
,,,,CPB001,,,,,Roll,0.4,kemas_sekunder
bom_antalgin250mg10ml,Antalgin 250 mg 10 ml,Antalgin 250 mg 10 ml,Vial,AMS002,9500,,Normal,Injeksi,kg,26.5,raw_material
,,,,BSF001,,,,,kg,0.4,raw_material
,,,,BPH001,,,,,kg,0.5,raw_material
,,,,BHA001,,,,,ml,450,raw_material
,,,,BWF001,,,,,Liter(s),100,raw_material
,,,,CVI002,,,,,Pcs,9500,kemas_primer
,,,,CRS001,,,,,Pcs,9500,kemas_primer
,,,,CDO001,,,,,Pcs,9500,kemas_primer
,,,,CET010,,,,,Pcs,10475,kemas_sekunder
,,,,CIN010,,,,,Pcs,952,kemas_sekunder
,,,,CRA008,,,,,Set,952,kemas_sekunder
,,,,CBR006,,,,,Pcs,952,kemas_sekunder
,,,,CSH005,,,,,Pcs,32,kemas_sekunder
,,,,LBK010,,,,,Pcs,95,kemas_sekunder
,,,,CPB001,,,,,Roll,0.5,kemas_sekunder
,,,,CCT001,,,,,Roll,0.4,kemas_sekunder
bom_antalgin250mg/ml2ml@30,Antalgin 250 mg/ml 2 ml @ 30,Antalgin 250 mg/ml 2 ml @ 30,Vial,AMS002,47,,Normal,Injeksi,kg,26.5,raw_material
,,,,BSF001,,,,,kg,0.4,raw_material
,,,,BBA001,,,,,Liter(s),0.25,raw_material
,,,,BWF001,,,,,Liter(s),100,raw_material
,,,,CAM007,,,,,Pcs,47385,kemas_primer
,,,,CET011,,,,,Pcs,1551,kemas_sekunder
,,,,CIN011,,,,,Pcs,1551,kemas_sekunder
,,,,CRA002,,,,,Set,1550,kemas_sekunder
,,,,CBR006,,,,,Pcs,1551,kemas_sekunder
,,,,CSH018,,,,,Pcs,20,kemas_sekunder
,,,,LBK010,,,,,Pcs,40,kemas_sekunder
,,,,CCT001,,,,,Roll,1,kemas_sekunder
,,,,CPB001,,,,,Roll,1,kemas_sekunder
bom_calciichlorid10mlampul,Calcii chlorid  10 ml Ampul,Calcii chlorid  10 ml Ampul,Ampul,ACC001,4761,,Normal,Injeksi,kg,5,raw_material
,,,,BWF001,,,,,Liter(s),50,raw_material
,,,,CAM005,,,,,Pcs,4800,kemas_primer
,,,,CET017,,,,,Pcs,4858,kemas_sekunder
,,,,CIN013,,,,,Pcs,97,kemas_sekunder
,,,,CRA004,,,,,Set,96,kemas_sekunder
,,,,LBK018,,,,,Pcs,96,kemas_sekunder
,,,,CBR009,,,,,Pcs,97,kemas_sekunder
,,,,CSH032,,,,,Pcs,3,kemas_sekunder
,,,,LBK010,,,,,Pcs,7,kemas_sekunder
,,,,CCT001,,,,,Roll,0.1,kemas_sekunder
,,,,CPB001,,,,,Roll,0.1,kemas_sekunder
bom_camidexon5mg/ml1mlampul,Camidexon 5 mg/ml 1 ml Ampul,Camidexon 5 mg/ml 1 ml Ampul,Ampul,ADS001,45454,,Normal,Injeksi,kg,0.26,raw_material
,,,,BSD003,,,,,kg,0.05,raw_material
,,,,BSC001,,,,,kg,0.62,raw_material
,,,,BSD001,,,,,kg,0.05,raw_material
,,,,BDH001,,,,,kg,0.535,raw_material
,,,,BWF001,,,,,Liter(s),50,raw_material
,,,,CAM004,,,,,Pcs,45500,kemas_primer
,,,,CET074,,,,,Pcs,456,kemas_sekunder
,,,,CIN028,,,,,Pcs,456,kemas_sekunder
,,,,CRA001,,,,,Set,455,kemas_sekunder
,,,,CBR024,,,,,Pcs,456,kemas_sekunder
,,,,LBK018,,,,,Pcs,910,kemas_sekunder
,,,,LBK007,,,,,Pcs,38,kemas_sekunder
,,,,LBK010,,,,,Pcs,39,kemas_sekunder
,,,,CCT001,,,,,Roll,0.2,kemas_sekunder
,,,,CPB001,,,,,Roll,1,kemas_sekunder
bom_camidon15ml,Camidon 15 ml,Camidon 15 ml,Vial,AMS002,6451,,Normal,Injeksi,kg,25.25,raw_material
,,,,AAM001,,,,,kg,5,raw_material
,,,,ALH001,,,,,kg,1.5,raw_material
,,,,BSF001,,,,,kg,0.4,raw_material
,,,,BBA001,,,,,Liter(s),0.5,raw_material
,,,,BHA001,,,,,ml,900,raw_material
,,,,BWF001,,,,,Liter(s),100,raw_material
,,,,CVI002,,,,,Pcs,6500,kemas_primer
,,,,CRS001,,,,,Pcs,6500,kemas_primer
,,,,CFO001,,,,,Pcs,6500,kemas_primer
,,,,CET034,,,,,Pcs,7096,kemas_sekunder
,,,,CIN030,,,,,Pcs,645,kemas_sekunder
,,,,CRA008,,,,,Set,645,kemas_sekunder
,,,,CBR025,,,,,Pcs,645,kemas_sekunder
,,,,CSH005,,,,,Pcs,22,kemas_sekunder
,,,,LBK010,,,,,Pcs,65,kemas_sekunder
,,,,CPB001,,,,,Roll,0.3,kemas_sekunder
,,,,CCT001,,,,,Roll,0.3,kemas_sekunder
bom_camidon10ml,Camidon 10 ml,Camidon 10 ml,Vial,AMS002,9523,,Normal,Injeksi,kg,25.25,raw_material
,,,,AAM001,,,,,kg,5,raw_material
,,,,ALH001,,,,,kg,1.5,raw_material
,,,,BSF001,,,,,kg,0.4,raw_material
,,,,BBA001,,,,,Liter(s),0.5,raw_material
,,,,BHA001,,,,,ml,900,raw_material
,,,,BWF001,,,,,Liter(s),100,raw_material
,,,,CVI002,,,,,Pcs,10000,kemas_primer
,,,,CRS001,,,,,Pcs,10000,kemas_primer
,,,,CFO003,,,,,Pcs,10000,kemas_primer
,,,,CET033,,,,,Pcs,9524,kemas_sekunder
,,,,CIN029,,,,,Pcs,954,kemas_sekunder
,,,,CRA008,,,,,Set,953,kemas_sekunder
,,,,CBR025,,,,,Pcs,954,kemas_sekunder
,,,,CSH005,,,,,Pcs,32,kemas_sekunder
,,,,LBK010,,,,,Pcs,97,kemas_sekunder
,,,,CPB001,,,,,Roll,0.3,kemas_sekunder
,,,,CCT001,,,,,Roll,1,kemas_sekunder
bom_camidryl10mg/ml15ml,Camidryl 10 mg/ml 15 ml,Camidryl 10 mg/ml 15 ml,Vial,ADH002,6541,,Normal,Injeksi,kg,1,raw_material
,,,,BPH001,,,,,kg,0.5,raw_material
,,,,BWF001,,,,,Liter(s),100,raw_material
,,,,CVI002,,,,,Pcs,6500,kemas_primer
,,,,CRS001,,,,,Pcs,6500,kemas_primer
,,,,CFO001,,,,,Pcs,10000,kemas_primer
,,,,CET037,,,,,Pcs,7097,kemas_sekunder
,,,,CIN033,,,,,Pcs,646,kemas_sekunder
,,,,CRA008,,,,,Set,646,kemas_sekunder
,,,,CBR027,,,,,Pcs,954,kemas_sekunder
,,,,CSH005,,,,,Pcs,22,kemas_sekunder
,,,,LBK010,,,,,Pcs,65,kemas_sekunder
,,,,CPB001,,,,,Roll,1,kemas_sekunder
bom_camidryl10mg/ml10ml,Camidryl 10 mg/ml 10 ml,Camidryl 10 mg/ml 10 ml,Vial,ADH002,9523,,Normal,Injeksi,kg,1,raw_material
,,,,BBC001,,,,,g,10,raw_material
,,,,BWF001,,,,,Liter(s),100,raw_material
,,,,CVI002,,,,,Pcs,10000,kemas_primer
,,,,CRS001,,,,,Pcs,10000,kemas_primer
,,,,CFO001,,,,,Pcs,10000,kemas_primer
,,,,CET036,,,,,Pcs,9524,kemas_sekunder
,,,,CIN032,,,,,Pcs,954,kemas_sekunder
,,,,CRA008,,,,,Set,953,kemas_sekunder
,,,,CBR027,,,,,Pcs,954,kemas_sekunder
,,,,CSH005,,,,,Pcs,32,kemas_sekunder
,,,,LBK010,,,,,Pcs,97,kemas_sekunder
,,,,CCT001,,,,,Roll,0.3,kemas_sekunder
,,,,CPB001,,,,,Roll,1.4,kemas_sekunder
bom_camigesik50mg/ml2ml,Camigesik 50 mg/ml 2 ml,Camigesik 50 mg/ml 2 ml,Ampul,ATH004,46511,,Normal,Injeksi,kg,5,raw_material
,,,,BSA001,,,,,kg,0.25,raw_material
,,,,BWF001,,,,,Liter(s),100,raw_material
,,,,CAM007,,,,,Pcs,47385,kemas_primer
,,,,CIN034,,,,,Pcs,4653,kemas_sekunder
,,,,CRO004,,,,,Set,9303,kemas_sekunder
,,,,CBR028,,,,,Pcs,4653,kemas_sekunder
,,,,LBK017,,,,,Pcs,2326,kemas_sekunder
,,,,CSH011,,,,,Pcs,47,kemas_sekunder
,,,,LBK010,,,,,Pcs,95,kemas_sekunder
,,,,CCT001,,,,,Roll,3,kemas_sekunder
,,,,CPB001,,,,,Roll,2,kemas_sekunder
bom_chlorpromazine5mg/ml2ml,Chlorpromazine 5 mg/ml 2 ml,Chlorpromazine 5 mg/ml 2 ml,Ampul,ACH001,23809,,Normal,Injeksi,kg,1.275,raw_material
,,,,BSC001,,,,,kg,0.325,raw_material
,,,,LBB001,,,,,g,50,raw_material
,,,,BWF001,,,,,Liter(s),50,raw_material
,,,,CAM007,,,,,Pcs,24000,kemas_primer
,,,,CET056,,,,,Pcs,805,kemas_sekunder
,,,,CIN057,,,,,Pcs,785,kemas_sekunder
,,,,CRA002,,,,,Set,785,kemas_sekunder
,,,,CBR052,,,,,Pcs,785,kemas_sekunder
,,,,LBK029,,,,,Pcs,20,kemas_sekunder
,,,,LBK010,,,,,Pcs,20,kemas_sekunder
,,,,CCT001,,,,,Roll,1,kemas_sekunder
,,,,CPB001,,,,,Roll,0.2,kemas_sekunder
bom_chlorpromazine25mg/ml1ml,Chlorpromazine 25 mg/ml 1 ml,Chlorpromazine 25 mg/ml 1 ml,Ampul,ACH001,45450,,Normal,Injeksi,kg,1.275,raw_material
,,,,BSC001,,,,,kg,0.325,raw_material
,,,,LBB001,,,,,g,50,raw_material
,,,,BWF001,,,,,Liter(s),50,raw_material
,,,,CAM002,,,,,Pcs,50000,kemas_primer
,,,,CET055,,,,,Pcs,1553,kemas_sekunder
,,,,CIN056,,,,,Pcs,1515,kemas_sekunder
,,,,CRA002,,,,,Set,1515,kemas_sekunder
,,,,CBR052,,,,,Pcs,1515,kemas_sekunder
,,,,LBK030,,,,,Pcs,38,kemas_sekunder
,,,,LBK010,,,,,Pcs,38,kemas_sekunder
,,,,CCT001,,,,,Roll,0.4,kemas_sekunder
,,,,CPB001,,,,,Roll,1,kemas_sekunder
bom_cholimed125mg/ml2ml,Cholimed 125 mg/ml 2 ml,Cholimed 125 mg/ml 2 ml,Ampul,ACS001,23529,,Normal,Injeksi,kg,6.56,raw_material
,,,,BWF001,,,,,Liter(s),50,raw_material
,,,,CAM007,,,,,Pcs,24000,kemas_primer
,,,,CET057,,,,,Pcs,23257,kemas_sekunder
,,,,CRO004,,,,,Set,4652,kemas_sekunder
,,,,CBR053,,,,,Pcs,2327,kemas_sekunder
,,,,CIN058,,,,,Pcs,2327,kemas_sekunder
,,,,CSH011,,,,,Pcs,24,kemas_sekunder
,,,,LBK010,,,,,Pcs,48,kemas_sekunder
,,,,CCT001,,,,,Roll,1,kemas_sekunder
,,,,CPB001,,,,,Roll,1,kemas_sekunder
bom_dexamethasone5mg/ml1ml,Dexamethasone 5 mg/ml 1 ml,Dexamethasone 5 mg/ml 1 ml,Ampul,ADS001,45454,,Normal,Injeksi,kg,0.26,raw_material
,,,,BSD003,,,,,kg,0.05,raw_material
,,,,BSC001,,,,,kg,0.62,raw_material
,,,,BSD001,,,,,kg,0.05,raw_material
,,,,BDH001,,,,,kg,0.535,raw_material
,,,,BWF001,,,,,Liter(s),50,raw_material
,,,,CAM004,,,,,Pcs,45500,kemas_primer
,,,,CIN061,,,,,Pcs,456,kemas_sekunder
,,,,CRA001,,,,,Set,455,kemas_sekunder
,,,,CBR058,,,,,Pcs,456,kemas_sekunder
,,,,LBK018,,,,,Pcs,910,kemas_sekunder
,,,,CSH009,,,,,Pcs,19,kemas_sekunder
,,,,LBK010,,,,,Pcs,39,kemas_sekunder
,,,,CCT001,,,,,Roll,0.2,kemas_sekunder
,,,,CPB001,,,,,Roll,1,kemas_sekunder
bom_diphenhydramine10mg/ml1ml,Diphenhydramine 10 mg/ml 1 ml,Diphenhydramine 10 mg/ml 1 ml,Ampul,ADH002,45454,,Normal,Injeksi,kg,0.5,raw_material
,,,,BBA001,,,,,Liter(s),0.125,raw_material
,,,,BWF001,,,,,Liter(s),50,raw_material
,,,,CAM004,,,,,Pcs,45500,kemas_primer
,,,,CIN062,,,,,Pcs,1516,kemas_sekunder
,,,,CRA002,,,,,Set,1515,kemas_sekunder
,,,,CBR060,,,,,lbr,1516,kemas_sekunder
,,,,CSH019,,,,,Pcs,13,kemas_sekunder
,,,,LBK010,,,,,Pcs,39,kemas_sekunder
,,,,CCT001,,,,,Roll,1,kemas_sekunder
,,,,CPB001,,,,,Roll,1,kemas_sekunder
bom_dobutamine25mg/ml10ml,Dobutamine 25 mg/ml 10 ml,Dobutamine 25 mg/ml 10 ml,Vial,ADH003,9523,,Normal,Injeksi,kg,2.83,raw_material
,,,,BSD003,,,,,kg,0.1,raw_material
,,,,BDE001,,,,,g,10,raw_material
,,,,BHA001,,,,,ml,20,raw_material
,,,,BWF001,,,,,Liter(s),100,raw_material
,,,,CVI002,,,,,Pcs,10000,kemas_primer
,,,,CRS002,,,,,Pcs,10000,kemas_primer
,,,,CDO001,,,,,Pcs,10000,kemas_primer
,,,,CET062,,,,,Pcs,9523,kemas_sekunder
,,,,CIN063,,,,,Pcs,9523,kemas_sekunder
,,,,CBR061,,,,,Pcs,9523,kemas_sekunder
,,,,CSH007,,,,,Pcs,132,kemas_sekunder
,,,,LBK010,,,,,Pcs,397,kemas_sekunder
,,,,CPB001,,,,,Roll,2,kemas_sekunder
"bom_glomethyl0,2mg/ml1ml","Glomethyl 0,2 mg/ml 1 ml","Glomethyl 0,2 mg/ml 1 ml",Ampul,AMM001,45450,,Normal,Injeksi,g,11,raw_material
,,,,BTA002,,,,,g,12.5,raw_material
,,,,BSC001,,,,,kg,0.15,raw_material
,,,,BDE001,,,,,g,5,raw_material
,,,,BWF001,,,,,Liter(s),50,raw_material
,,,,CAM002,,,,,Pcs,45450,kemas_primer
,,,,CRO001,,,,,Set,9090,kemas_primer
,,,,CIN072,,,,,Pcs,4545,kemas_sekunder
,,,,CBR067,,,,,Pcs,4545,kemas_sekunder
,,,,CSH009,,,,,Pcs,46,kemas_sekunder
,,,,LBK010,,,,,Pcs,91,kemas_sekunder
,,,,CPB001,,,,,Roll,1,kemas_sekunder
bom_glomin40mg/ml5ml,Glomin 40 mg/ml 5 ml,Glomin 40 mg/ml 5 ml,Ampul,ADH004,9433,,Normal,Injeksi,kg,2,raw_material
,,,,BSD003,,,,,kg,0.456,raw_material
,,,,BCA001,,,,,kg,0.5,raw_material
,,,,BSC004,,,,,g,0.25,raw_material
,,,,BWF001,,,,,Liter(s),50,raw_material
,,,,CAM009,,,,,Pcs,9500,kemas_primer
,,,,CET068,,,,,Pcs,9433,kemas_sekunder
,,,,CRO005,,,,,Set,1887,kemas_sekunder
,,,,CIN073,,,,,Pcs,1887,kemas_sekunder
,,,,CBR068,,,,,Pcs,1887,kemas_sekunder
,,,,CSH011,,,,,Pcs,32,kemas_sekunder
,,,,LBK010,,,,,Pcs,64,kemas_sekunder
,,,,CCT001,,,,,Roll,1,kemas_sekunder
,,,,LBK024,,,,,Roll,1,kemas_sekunder
bom_lidocaincompositum2ml,Lidocain compositum 2 ml,Lidocain compositum 2 ml,Ampul,ALH001,47619,,Normal,Injeksi,kg,2.06,raw_material
,,,,AEB001,,,,,g,2.6,raw_material
,,,,BDE001,,,,,g,10,raw_material
,,,,BSD003,,,,,kg,0.05,raw_material
,,,,BMP001,,,,,kg,0.12,raw_material
,,,,BTA002,,,,,g,7.02,raw_material
,,,,BPG001,,,,,kg,5.195,raw_material
,,,,BWF001,,,,,Liter(s),100,raw_material
,,,,CAM007,,,,,Pcs,47650,kemas_primer
,,,,CIN082,,,,,Pcs,1588,kemas_sekunder
,,,,CRA002,,,,,Set,1588,kemas_sekunder
,,,,CBR074,,,,,Pcs,1588,kemas_sekunder
,,,,CSH018,,,,,Pcs,20,kemas_sekunder
,,,,LBK010,,,,,Pcs,41,kemas_sekunder
,,,,CCT001,,,,,Roll,1,kemas_sekunder
,,,,CPB001,,,,,Roll,1,kemas_sekunder
bom_lidocaine22ml,Lidocaine 2% 2 ml,Lidocaine 2% 2 ml,Ampul,ALH001,47619,,Normal,Injeksi,kg,2.04,raw_material
,,,,BSC001,,,,,kg,0.214,raw_material
,,,,BSD003,,,,,kg,0.1,raw_material
,,,,BPD001,,,,,kg,0.477,raw_material
,,,,BWF001,,,,,Liter(s),100,raw_material
,,,,CAM007,,,,,Pcs,47650,kemas_primer
,,,,CIN081,,,,,Pcs,478,kemas_sekunder
,,,,CRA001,,,,,Set,477,kemas_sekunder
,,,,LBK018,,,,,Pcs,954,kemas_sekunder
,,,,CBR073,,,,,Pcs,478,kemas_sekunder
,,,,CSH008,,,,,Pcs,20,kemas_sekunder
,,,,LBK010,,,,,Pcs,41,kemas_sekunder
,,,,CCT001,,,,,Roll,0.2,kemas_sekunder
,,,,CPB001,,,,,Roll,1,kemas_sekunder
bom_lunex50mg/ml5ml,Lunex 50 mg/ml 5 ml,Lunex 50 mg/ml 5 ml,Ampul,ATA002,9433,,Normal,Injeksi,kg,2.5,raw_material
,,,,BHA001,,,,,ml,250,raw_material
,,,,BWF001,,,,,Liter(s),50,raw_material
,,,,CAM009,,,,,Pcs,10000,kemas_primer
,,,,CET078,,,,,Pcs,9433,kemas_sekunder
,,,,CRO005,,,,,Set,1887,kemas_sekunder
,,,,CIN083,,,,,Pcs,943,kemas_sekunder
,,,,CBR075,,,,,Pcs,943,kemas_sekunder
,,,,CSH011,,,,,Pcs,16,kemas_sekunder
,,,,LBK010,,,,,Pcs,32,kemas_sekunder
,,,,CPB001,,,,,Roll,1,kemas_sekunder
bom_lunex100mg/ml5ml,Lunex 100mg/ml 5 ml,Lunex 100mg/ml 5 ml,Ampul,ATA002,18867,,Normal,Injeksi,kg,10,raw_material
,,,,BWF001,,,,,Liter(s),100,raw_material
,,,,CAM009,,,,,Pcs,20000,kemas_primer
,,,,CET077,,,,,Pcs,18868,kemas_sekunder
,,,,CRO005,,,,,Set,3773,kemas_sekunder
,,,,CBR075,,,,,Pcs,1888,kemas_sekunder
,,,,CSH011,,,,,Pcs,32,kemas_sekunder
,,,,LBK010,,,,,Pcs,64,kemas_sekunder
,,,,CCT001,,,,,Roll,1,kemas_sekunder
,,,,CPB001,,,,,Roll,1,kemas_sekunder
"bom_methylergometrine0,2mg/ml1ml","Methylergometrine 0,2mg/ml 1ml","Methylergometrine 0,2mg/ml 1ml",Ampul,AMM001,45454,,Normal,Injeksi,g,11,raw_material
,,,,BTA002,,,,,g,12.5,raw_material
,,,,BSC001,,,,,kg,0.15,raw_material
,,,,BDE001,,,,,g,5,raw_material
,,,,BWF001,,,,,Liter(s),50,raw_material
,,,,CAM002,,,,,Pcs,45500,kemas_primer
,,,,CIN087,,,,,Pcs,1516,kemas_sekunder
,,,,CRA002,,,,,Set,1515,kemas_sekunder
,,,,CBR077,,,,,Pcs,1516,kemas_sekunder
,,,,CSH019,,,,,Pcs,13,kemas_sekunder
,,,,LBK010,,,,,Pcs,39,kemas_sekunder
,,,,CCT001,,,,,Roll,1,kemas_sekunder
,,,,CPB001,,,,,Roll,1,kemas_sekunder
bom_papaverin40mg/ml10ml,Papaverin 40 mg/ml 10 ml,Papaverin 40 mg/ml 10 ml,Vial,APH001,9523,,Normal,Injeksi,kg,4,raw_material
,,,,BDE001,,,,,g,5,raw_material
,,,,BCA002,,,,,kg,0.45,raw_material
,,,,BWF001,,,,,Liter(s),100,raw_material
,,,,CVI002,,,,,Pcs,9600,kemas_primer
,,,,CRS001,,,,,Pcs,9600,kemas_primer
,,,,CFO003,,,,,Pcs,9600,kemas_primer
,,,,CET089,,,,,Pcs,10475,kemas_sekunder
,,,,CIN094,,,,,Pcs,952,kemas_sekunder
,,,,CRA008,,,,,Set,952,kemas_sekunder
,,,,CBR084,,,,,Pcs,952,kemas_sekunder
,,,,CSH005,,,,,Pcs,32,kemas_sekunder
,,,,LBK010,,,,,Pcs,95,kemas_sekunder
,,,,CPB001,,,,,Roll,1,kemas_sekunder
,,,,CCT001,,,,,Roll,0.4,kemas_sekunder
bom_papaverin40mg/ml1ml,Papaverin 40 mg/ml 1 ml,Papaverin 40 mg/ml 1 ml,Ampul,APH001,45454,,Normal,Injeksi,kg,2,raw_material
,,,,BDE001,,,,,g,2.5,raw_material
,,,,BCA002,,,,,kg,0.225,raw_material
,,,,BWF001,,,,,Liter(s),50,raw_material
,,,,CAM004,,,,,Pcs,45500,kemas_primer
,,,,CIN095,,,,,Pcs,456,kemas_sekunder
,,,,CRA001,,,,,Set,455,kemas_sekunder
,,,,LBK018,,,,,Pcs,910,kemas_sekunder
,,,,CBR084,,,,,Pcs,456,kemas_sekunder
,,,,CSH008,,,,,Pcs,19,kemas_sekunder
,,,,LBK010,,,,,Pcs,38,kemas_sekunder
,,,,CCT001,,,,,Roll,0.2,kemas_sekunder
,,,,CPB001,,,,,Roll,1,kemas_sekunder
bom_vitaminbcomplex10ml,Vitamin B complex 10 ml,Vitamin B complex 10 ml,Vial,ATH002,9523,,Normal,Injeksi,kg,0.22,raw_material
,,,,ARP001,,,,,g,0.297,raw_material
,,,,APH006,,,,,kg,0.2,raw_material
,,,,ADE001,,,,,kg,1.05,raw_material
,,,,ANI001,,,,,g,2,raw_material
,,,,APH004,,,,,kg,0.204,raw_material
,,,,BSD003,,,,,kg,0.1,raw_material
,,,,BPH001,,,,,kg,0.5,raw_material
,,,,BWF001,,,,,Liter(s),100,raw_material
,,,,CVI002,,,,,Pcs,9600,kemas_primer
,,,,CRS001,,,,,Pcs,9600,kemas_primer
,,,,CFO004,,,,,Pcs,9600,kemas_primer
,,,,CET110,,,,,Pcs,10475,kemas_sekunder
,,,,CIN103,,,,,Pcs,952,kemas_sekunder
,,,,CRA008,,,,,Set,952,kemas_sekunder
,,,,CRA008,,,,,Set,952,kemas_sekunder
,,,,CBR099,,,,,Pcs,952,kemas_sekunder
,,,,CSH005,,,,,Pcs,32,kemas_sekunder
,,,,LBK010,,,,,Pcs,95,kemas_sekunder
,,,,CPB001,,,,,Roll,1,kemas_sekunder
bom_vitaminbcomplex20ml,Vitamin B complex 20 ml,Vitamin B complex 20 ml,Vial,ATH002,4854,,Normal,Injeksi,kg,0.22,raw_material
,,,,ARP001,,,,,g,0.297,raw_material
,,,,APH006,,,,,kg,0.2,raw_material
,,,,ADE001,,,,,kg,1.05,raw_material
,,,,ANI001,,,,,g,2,raw_material
,,,,APH004,,,,,kg,0.204,raw_material
,,,,BSD003,,,,,kg,0.1,raw_material
,,,,BPH001,,,,,kg,0.5,raw_material
,,,,BWF001,,,,,Liter(s),100,raw_material
,,,,CVI003,,,,,Pcs,5000,kemas_primer
,,,,CRS001,,,,,Pcs,5000,kemas_primer
,,,,CFO004,,,,,Pcs,5000,kemas_primer
,,,,CET111,,,,,Pcs,4855,kemas_sekunder
,,,,CIN104,,,,,Pcs,487,kemas_sekunder
,,,,CRA008,,,,,Set,486,kemas_sekunder
,,,,CBR099,,,,,Pcs,487,kemas_sekunder
,,,,CSH008,,,,,Pcs,16,kemas_sekunder
,,,,LBK010,,,,,Pcs,50,kemas_sekunder
,,,,CCT001,,,,,Roll,0.1,kemas_sekunder
,,,,CPB001,,,,,Roll,1,kemas_sekunder
bom_vitaminb12500mcg/ml1ml,Vitamin B12 500mcg/ml 1 ml,Vitamin B12 500mcg/ml 1 ml,Ampul,ACY001,,92.27,Normal,Injeksi,g,26.5,raw_material
,,,,BSD001,,,,,kg,0.17,raw_material
,,,,BSC001,,,,,kg,0.243,raw_material
,,,,BBA001,,,,,Liter(s),0.125,raw_material
,,,,BWF001,,,,,Liter(s),50,raw_material
,,,,CAM004,,,,,Pcs,45500,kemas_primer
,,,,CIN106,,,,,Pcs,456,kemas_sekunder
,,,,CRA001,,,,,Set,455,kemas_sekunder
,,,,LBK018,,,,,Pcs,910,kemas_sekunder
,,,,CBR101,,,,,Pcs,456,kemas_sekunder
,,,,CSH009,,,,,Pcs,19,kemas_sekunder
,,,,LBK010,,,,,Pcs,39,kemas_sekunder
,,,,CCT001,,,,,Roll,0.2,kemas_sekunder
,,,,CPB001,,,,,Roll,1,kemas_sekunder
bom_vitaminb12500mcg/ml10ml,Vitamin B12 500 mcg/ml 10 ml,Vitamin B12 500 mcg/ml 10 ml,Vial,ACY001,9523,,Normal,Injeksi,g,53,raw_material
,,,,BSD001,,,,,kg,0.339,raw_material
,,,,BSC001,,,,,kg,0.486,raw_material
,,,,BBA001,,,,,Liter(s),0.25,raw_material
,,,,BWF001,,,,,Liter(s),100,raw_material
,,,,CVI002,,,,,Pcs,9600,kemas_primer
,,,,CRS001,,,,,Pcs,9600,kemas_primer
,,,,CFO004,,,,,Pcs,9600,kemas_primer
,,,,CET113,,,,,Pcs,9524,kemas_sekunder
,,,,CIN107,,,,,Pcs,954,kemas_sekunder
,,,,CRA008,,,,,Set,953,kemas_sekunder
,,,,CBR101,,,,,Pcs,954,kemas_sekunder
,,,,CSH005,,,,,Pcs,32,kemas_sekunder
,,,,LBK010,,,,,Pcs,97,kemas_sekunder
,,,,CCT001,,,,,Roll,0.3,kemas_sekunder
,,,,CPB001,,,,,Roll,1,kemas_sekunder
bom_vitamink10mg/ml1ml,Vitamin K 10 mg/ml 1 ml,Vitamin K 10 mg/ml 1 ml,Ampul,AMS001,45454,,Normal,Injeksi,kg,0.55,raw_material
,,,,BSD003,,,,,kg,0.1,raw_material
,,,,BSC001,,,,,kg,0.195,raw_material
,,,,BBA001,,,,,Liter(s),0.125,raw_material
,,,,BWF001,,,,,Liter(s),50,raw_material
,,,,CAM002,,,,,Pcs,45500,kemas_primer
,,,,CIN109,,,,,Pcs,456,kemas_sekunder
,,,,CRA001,,,,,Set,455,kemas_sekunder
,,,,CBR104,,,,,Pcs,456,kemas_sekunder
,,,,LBK018,,,,,Pcs,910,kemas_sekunder
,,,,CSH009,,,,,Pcs,19,kemas_sekunder
,,,,LBK010,,,,,Pcs,38,kemas_sekunder
,,,,CCT001,,,,,Roll,0.2,kemas_sekunder
,,,,CPB001,,,,,Roll,1,kemas_sekunder
bom_amoxicillin250mgstrip12,Amoxicillin 250 mg Strip 12,Amoxicillin 250 mg Strip 12,Kpsul,AAT001,208000,,Normal,Kapsul,kg,60,raw_material
,,,,BTA001,,,,,kg,0.416,raw_material
,,,,BCS003,,,,,kg,0.416,raw_material
,,,,BMS001,,,,,kg,0.416,raw_material
,,,,BCN009,,,,,Pcs,208000,raw_material
,,,,BCN009,,,,,Pcs,208000,raw_material
,,,,CBA002,,,,,Roll,4,kemas_primer
,,,,CFA001,,,,,Roll,4,kemas_primer
,,,,CBR002,,,,,Pcs,1734,kemas_sekunder
,,,,CIN006,,,,,Pcs,1734,kemas_sekunder
,,,,CSH030,,,,,Pcs,35,kemas_sekunder
,,,,LBK010,,,,,Pcs,36,kemas_sekunder
,,,,CCT001,,,,,Roll,1,kemas_sekunder
,,,,CPB001,,,,,Roll,1,kemas_sekunder
bom_ampicillin250mgstrip,Ampicillin 250 mg Strip,Ampicillin 250 mg Strip,Kpsul,AAT003,104000,,Normal,Kapsul,kg,30,raw_material
,,,,BTA001,,,,,kg,0.208,raw_material
,,,,BCS003,,,,,kg,0.208,raw_material
,,,,BMS001,,,,,kg,0.208,raw_material
,,,,BCN020,,,,,Pcs,104000,raw_material
,,,,CBA001,,,,,Roll,2,kemas_primer
,,,,CFA002,,,,,Roll,2,kemas_primer
,,,,CIN007,,,,,Pcs,1041,kemas_sekunder
,,,,LBK005,,,,,Pcs,21,kemas_sekunder
,,,,LBK010,,,,,Pcs,22,kemas_sekunder
,,,,CCT001,,,,,Roll,1,kemas_sekunder
,,,,CPB001,,,,,Roll,0.4,kemas_sekunder
bom_camicillin250mgstrip,Camicillin 250 mg Strip,Camicillin 250 mg Strip,Kpsul,AAT003,104000,,Normal,Kapsul,kg,30,raw_material
,,,,BTA001,,,,,kg,0.208,raw_material
,,,,BCS003,,,,,kg,0.208,raw_material
,,,,BMS001,,,,,kg,0.208,raw_material
,,,,BCN019,,,,,Pcs,104000,raw_material
,,,,CBA001,,,,,Roll,2,kemas_primer
,,,,CFA008,,,,,Roll,2,kemas_primer
,,,,CBR019,,,,,Pcs,1041,kemas_sekunder
,,,,CIN023,,,,,Pcs,1041,kemas_sekunder
,,,,LBK031,,,,,Pcs,21,kemas_sekunder
,,,,LBK010,,,,,Pcs,22,kemas_sekunder
,,,,CCT001,,,,,Roll,1,kemas_sekunder
,,,,CPB001,,,,,Roll,0.4,kemas_sekunder
bom_camoksil250mgstrip,Camoksil 250 mg Strip,Camoksil 250 mg Strip,Kpsul,AAT001,208000,,Normal,Kapsul,kg,30,raw_material
,,,,BTA001,,,,,kg,0.208,raw_material
,,,,BCS003,,,,,kg,0.208,raw_material
,,,,BMS001,,,,,kg,0.208,raw_material
,,,,BCN014,,,,,Pcs,104000,raw_material
,,,,CBA001,,,,,Roll,2,kemas_primer
,,,,CFA017,,,,,Roll,2,kemas_primer
,,,,LBK009,,,,,Pcs,1040,kemas_primer
,,,,CBR042,,,,,Pcs,1040,kemas_sekunder
,,,,CIN047,,,,,Pcs,1040,kemas_sekunder
,,,,CCT001,,,,,Roll,1,kemas_sekunder
,,,,CSH028,,,,,Pcs,21,kemas_sekunder
,,,,LBK010,,,,,Pcs,21,kemas_sekunder
,,,,CPB001,,,,,Roll,1,kemas_sekunder
bom_camoksil500mgblisterexport,Camoksil 500 mg Blister Export,Camoksil 500 mg Blister Export,Kpsul,AAT001,104000,98.84,Normal,,kg,60,raw_material
,,,,BTA001,,,,,kg,0.416,raw_material
,,,,BCS003,,,,,kg,0.416,raw_material
,,,,BMS001,,,,,kg,0.416,raw_material
,,,,BCN005,,,,,Pcs,104000,raw_material
,,,,CPV001,,,,,Pcs,3,kemas_primer
,,,,CFA018,,,,,Roll,3,kemas_primer
,,,,CBR045,,,,,Pcs,1040,kemas_sekunder
,,,,CIN049,,,,,Pcs,1040,kemas_sekunder
,,,,CSH029,,,,,Pcs,11,kemas_sekunder
bom_camoksil500mgstrip,Camoksil 500 mg Strip,Camoksil 500 mg Strip,Kplet,AAT001,104000,98.85,Normal,,kg,60,raw_material
,,,,BMC002,,,,,kg,6.864,raw_material
,,,,BCO001,,,,,kg,2.838,raw_material
,,,,BSS002,,,,,kg,0.72,raw_material
,,,,BMS001,,,,,kg,0.42,raw_material
,,,,BOP001,,,,,kg,0.115,raw_material
,,,,CFA019,,,,,Roll,1,kemas_primer
,,,,CBA002,,,,,Roll,1,kemas_primer
,,,,CBR043,,,,,Pcs,1041,kemas_sekunder
,,,,CIN048,,,,,Pcs,1041,kemas_sekunder
,,,,CSH029,,,,,Pcs,21,kemas_sekunder
bom_camaagstrip,Camaag Strip,Camaag Strip,Table,BCS002,100000,,Normal,Kapsul,kg,0.6,raw_material
,,,,AAH001,,,,,kg,26.25,raw_material
,,,,BAG001,,,,,g,65,raw_material
,,,,ADI001,,,,,kg,3,raw_material
,,,,AMH001,,,,,kg,21,raw_material
,,,,BMS001,,,,,kg,0.325,raw_material
,,,,BSS001,,,,,kg,0.1,raw_material
,,,,BMP001,,,,,kg,0.065,raw_material
,,,,BPO003,,,,,kg,0.2,raw_material
,,,,BSS002,,,,,kg,0.6,raw_material
,,,,BTA001,,,,,kg,1.8,raw_material
,,,,BSC005,,,,,kg,0.2,raw_material
,,,,BMA001,,,,,kg,10,raw_material
,,,,BTS001,,,,,kg,2,raw_material
,,,,CFA005,,,,,Roll,2,kemas_primer
,,,,CBA001,,,,,Roll,2,kemas_primer
,,,,CBR013,,,,,Pcs,900,kemas_sekunder
,,,,CIN016,,,,,Pcs,900,kemas_sekunder
,,,,CSH022,,,,,Pcs,18,kemas_sekunder
bom_camistan500mgstrip,Camistan 500 mg Strip,Camistan 500 mg Strip,Kplet,BCS002,120000,,Normal,Kapsul,kg,0.72,raw_material
,,,,BAL001,,,,,Liter(s),10,raw_material
,,,,BMC001,,,,,kg,2.88,raw_material
,,,,BET002,,,,,g,80,raw_material
,,,,BPK001,,,,,kg,2.88,raw_material
,,,,BMS001,,,,,kg,0.36,raw_material
,,,,BMP001,,,,,kg,0.072,raw_material
,,,,BSS002,,,,,kg,2.88,raw_material
,,,,BTA001,,,,,kg,0.72,raw_material
,,,,AMA001,,,,,kg,60,raw_material
,,,,BLA001,,,,,kg,2.16,raw_material
,,,,BYN001,,,,,g,7,raw_material
,,,,CFA015,,,,,Roll,2,kemas_primer
,,,,CBA002,,,,,Roll,2,kemas_primer
,,,,CBR035,,,,,Pcs,1200,kemas_sekunder
,,,,CIN040,,,,,Pcs,1200,kemas_sekunder
,,,,CSH029,,,,,Pcs,24,kemas_sekunder
bom_zentropil100mgblister,Zentropil 100 mg Blister,Zentropil 100 mg Blister,Kpsul,APS001,120000,,Normal,Kapsul,kg,12,raw_material
,,,,BMC001,,,,,kg,8.4,raw_material
,,,,BSS002,,,,,kg,1.2,raw_material
,,,,BGP002,,,,,kg,3.6,raw_material
,,,,BMS001,,,,,kg,1.2,raw_material
,,,,BCN020,,,,,Pcs,120000,raw_material
bom_zentropil100mgpot250,Zentropil 100 mg Pot 250,Zentropil 100 mg Pot 250,Kpsul,APS001,120000,,Normal,Kapsul,kg,12,raw_material
,,,,BMC001,,,,,kg,8.4,raw_material
,,,,BSS002,,,,,kg,1.2,raw_material
,,,,BGP002,,,,,kg,3.6,raw_material
,,,,BMS001,,,,,kg,1.2,raw_material
,,,,BCN020,,,,,Pcs,120000,raw_material
,,,,LBK009,,,,,Pcs,480,raw_material
,,,,CSG001,,,,,kg,0.48,kemas_primer
,,,,CBO022,,,,,Pcs,480,kemas_primer
,,,,CET114,,,,,Pcs,480,kemas_sekunder
,,,,CET114,,,,,Pcs,480,kemas_sekunder
,,,,CBR106,,,,,Pcs,480,kemas_sekunder
,,,,CSH019,,,,,bh,10,kemas_sekunder
,,,,LBK010,,,,,lbr,10,kemas_sekunder
,,,,CPB001,,,,,Roll,0.4,kemas_sekunder
